n_paulis,duration,best_loss,p0,p1,p2,p3,p4,p5,p6,p7,p8,p9,p10,p11,p12,p13,p14,p15,p16,p17,p18,p19,p20,p21,p22,p23,p24,p25,p26,p27,p28,p29,p30,p31,p32,p33,p34,p35,p36,p37,p38,p39,p40,p41,p42,p43,p44,p45,p46,p47,p48,p49,p50,p51,p52,p53,p54,p55,p56,p57,p58,p59,p60,p61,p62,p63,p64,p65,p66,p67,p68,p69,p70,p71,p72,p73,p74,p75,p76,p77,p78,p79,p80,p81,p82,p83,p84,p85,p86,p87,p88,p89,p90,p91,p92,p93,p94,p95,p96,p97,p98,p99,p100,p101,p102,p103,p104,p105,p106,p107,p108,p109,p110,p111,p112,p113,p114,p115,p116,p117,p118,p119,p120,p121,p122,p123,p124,p125,p126,p127,p128,p129,p130,p131,p132,p133,p134,p135,p136,p137,p138,p139,p140,p141,p142,p143,p144,p145,p146,p147,p148,p149,p150,p151,p152,p153,p154,p155,p156,p157,p158,p159,p160,p161,p162,p163,p164,p165,p166,p167,p168,p169,p170,p171,p172,p173,p174,p175,p176,p177,p178,p179,p180,p181,p182,p183,p184,p185,p186,p187,p188,p189,p190,p191,p192,p193,p194,p195,p196,p197,p198,p199,p200,p201,p202,p203,p204,p205,p206,p207,p208,p209,p210,p211,p212,p213,p214,p215,p216,p217,p218,p219,p220,p221,p222,p223,p224
3,454.2256693840027,-17.254806701153875,3.773780836289042,1.7979947149084268,0.8912134623361402,0.8988295917669236,3.820343510948707,1.9656658264424354,1.5776023006120716,3.3083422358415113,2.8802221225154656,2.8492170172108087,0.050010257806776204,5.907122804190695,5.997015486309294,3.705928497485433,4.991425541201957,2.286415393073739,0.30449219682708156,1.0453944508854858,4.193903122371229,2.3597416771128237,0.3887739953531083,0.20731440519126496,0.22501051800170582,5.7576928791084265,1.829819945345826,2.844260835288823,3.0613108705589878,2.9474964996749993,0.9884196336969692,3.6488205819892836,3.279129419301806,4.777549559991984,3.132743422404041,2.040449120292593,4.452280924106491,4.577743976515163,2.0094050935808094,1.4663179930129897,2.931090512424796,3.4584221801525588,5.748736476929941,5.775862492908637,0.3114885564201136,2.4627208451734437,3.768821294088916,4.736365104146946,4.210027036475497,0.32094265837715014,2.7232477455618067,4.212106670585262,3.8614420225179633,2.3870646180680284,3.1305031924990154,5.007499232351389,0.35925341455552195,0.46719729683680966,2.9247994007540883,2.375664715176226,5.253131816495473,5.112069743011537,2.3637699460372814,3.3612947578418177,4.4908367111045955,3.2355959126056852,4.854212684509865,3.0740962535411676,5.708136988310067,3.1241164272689206,0.23625653317416606,4.9432286569602075,5.124924802162174,1.625996007572718,4.444165438903647,1.3883994692901547,4.194001301919919,5.544739869230514,6.20259846643694,2.589148506809258,2.1463663099048436,3.550611804014568,3.215445656818857,3.9167291765715864,5.033135449104642,4.826801581600085,0.13259596722669365,1.7538659478679095,2.0100954115422973,6.120716338746363,1.1584301673105843,0.16916167154934802,5.281605749356428,1.6535641465116788,4.7972114673721045,1.437876928952303,3.778550351471316,6.064001506705158,5.288363511601809,5.875066574489356,1.185642808523704,3.546946461348361,3.124584535129825,1.1549382963793218,0.016601986337432324,3.103113928174443,5.80656236383893,1.0074511396137857,2.852302810350866,0.6347168036026918,0.40746605675189523,3.3936858900140146,4.6520525290322325,4.997566062812353,3.9344550486044736,4.431436109716159,1.2250260076281378,5.313757633282296,3.9168622947020246,5.966553049840116,1.3527490350822544,4.767447571825354,2.6919196020774434,1.9052689334060278,4.657916224048055,4.903469945060206,5.5534423919162315,6.20891092574152,0.18205886457901074,0.6094729461908858,3.1084793378607163,4.7709978697058455,4.865290290718932,4.4105194330200765,4.826918813496406,4.022271514088137,0.15072668199501446,3.63377693183277,2.787460662442873,3.2547792514801546,2.6375563163990763,3.476534172212436,4.654829794937927,2.334970800614583,4.689585688275339,5.072202864187366,1.9699072401364288,4.161457082477503,2.2142100451475484,3.83294949426211,5.850113075636818,3.6768767143417738,3.1887576599540273,1.459331388452235,5.663520859681538,0.6809656147165917,1.1181044684572572,1.2037081794680615,0.52741970513504,5.758295323485668,4.970095322689611,3.458175997676379,5.834491771061035,1.780528820075637,3.5841257127794033,3.439984263347938,4.694975414542222,1.6955346761938952,5.276418675733133,6.115198832242808,2.911800662910183,2.199233455033401,2.0385485214966867,3.353335004601053,4.6731981688482565,4.656409776205509,3.1048278387920627,3.0673372790479325,2.2163414134107877,4.745818838332052,4.2192681476810785,0.520349979025267,2.9314823101098204,4.252045741370497,3.313684064046034,0.8431510060380026,5.258408227212237,1.146948978841439,0.8229440305159447,1.7651676188580485,1.2914434525172747,0.3456922409934931,2.7544159939311967,3.230750242613698,1.520530194809898,4.650761556609179,0.17536077769336772,0.6440004294134329,5.04885441753749,2.1615411995749785,0.6209314598302237,5.213877025915252,0.22825255323332028,3.278913479114326,5.862700469707437,3.9597061153383706,0.856913523089695,2.65762134468228,4.417746816639308,6.187552295257757,0.6060868283532044,5.901052621291144,1.443437938159726,3.828026789109034,4.44334534490525,2.66154473164156,3.7855826226214635,1.9074937598149782,0.14783875941509086,2.1176697296130054,3.4791879617303345,5.194908872413672,6.086771064003442,4.237145632533013,0.2814589995811659,4.04164636120666,4.248038066226881
4,619.9804077148438,-37.64751622108266,1.6910744191602705,1.1113406030593926,2.549619223157017,4.306922757876536,2.5044627576214946,2.0752851902516865,1.300308973064014,5.528474112453516,3.7705211272009276,4.205186657550047,5.139983816624099,4.133987034199724,0.2533067973036073,0.1261394134877405,2.2579946649581166,1.2457277705350553,5.602392182393458,2.2640754166196757,5.586153332610004,4.214831682911567,1.1942384960679753,4.098857968273572,5.552308470345161,4.827970453082,4.469056205841376,2.577900299146626,0.8439001534860945,2.063282393595847,0.7711105524926137,5.260205350106011,0.19868285700553653,3.3786974927406797,3.933205255396919,5.356461892765006,0.7359974318226853,1.922588943290013,2.5358367330522134,1.1680162834732983,0.924243721078894,2.7560292823308523,1.208216512254786,2.774391603179502,5.816952282893687,4.070807907603487,3.072676449768787,3.335704914463132,2.864021767998676,3.105805563556551,2.249818086489735,3.0677040281479373,2.344594762252836,3.9505252060045395,1.0838655133042832,5.034437653478005,0.7114340372930188,5.3925928896978546,3.1060163071989657,0.18808425309023136,2.3352076250336307,6.108372010834167,1.6294353280563119,2.2164624460670694,2.085398669148955,6.176542077213912,1.2366764906472063,1.3314671185354112,5.806218695043833,5.119810145562294,1.1838614568805905,2.258890210311935,0.22153060621353882,2.2560846121408544,6.164347507202858,5.294348641636566,2.416813749353001,2.847845209175845,5.751432905973095,3.280725814946566,1.6674840477625223,2.946252683224735,4.45455999534689,2.8317425024967733,2.413761524718777,4.335764492284333,4.656498842402249,0.18929604973055425,4.0809535496428975,0.0823287264584653,4.456182298756442,5.196953456083749,4.361500511129829,1.5011965503025932,0.5917269340629534,4.5763411196217465,3.511307612785504,3.326030428958464,3.5482609341672733,0.1667517848141266,3.5099780578528903,1.2885890899143029,0.6551044193671404,0.3021880664352818,3.924090451940662,3.5420513823551674,3.1851881054336832,0.39392310245432494,1.6900215032306056,6.002793551503405,2.4778328809793053,1.9001191658671275,1.7511094618302572,5.0736021171553345,1.5602431017156537,3.8839795149858687,2.333846927865027,6.247442551245267,5.328331073700275,1.1493987794566456,5.528483663358268,5.664323062965036,1.0092862395720354,3.400809555880419,1.2326744776646965,2.5220663598077806,4.153986353801839,3.602834166397397,3.82566799939333,4.511333664000804,5.778219554855895,1.4084696901802416,2.1425850154563966,3.7841207271115063,4.4537672387743985,3.0014345780192873,4.992444551962428,1.050095416564483,1.544878045860489,3.998678182403111,3.2218604349503384,3.0097847639623634,3.436891199329749,2.82189426941233,1.7055226948367177,3.849462265797867,5.581942420264545,0.09063733194756088,3.98089875411354,1.9667729118482027,2.5702913098681752,2.390412956250132,3.9405591505669015,1.4194052072681436,5.943701113034777,1.1796925390462807,1.1581524512811259,0.31506153391740405,3.3151276723193956,3.4679857985275766,1.4540227363294327,3.5445853355064068,2.820390901282208,3.6032305264851843,5.773332501956419,2.1879383378454826,1.981139273090053,5.89174741529797,5.65229584484048,2.8516844459872077,3.967285199125211,5.143175518199505,2.523827679461796,4.997247662781563,4.6937851890096605,2.744987996314182,3.1805469025455846,4.695176368912572,5.876705041483296,5.555030671932563,4.716305346879471,5.827249866667978,1.7020897655577387,4.890534923394333,2.31958659774673,4.014912858091006,5.466854404576819,4.634653314362387,3.760344571743174,5.878505950905669,0.8885663160238052,4.003299946346224,0.08272240131566995,1.860684098201042,5.29735356709761,5.648811788031435,2.135179851672068,3.5533753265029726,0.3665866146876198,5.697485779023566,2.809869119458647,2.312933404068586,0.48997637579403686,0.26173285469855556,4.134490742683778,3.934114805889453,4.101547445082498,3.7345046306375465,2.6462080188680033,3.1323199303777174,4.227166415074357,0.5824730397357762,5.48106594999767,2.4284729062658377,0.9774121052431071,0.26780003764310467,2.234458488089287,0.8669142823509791,6.0732676869155435,1.89107128030247,1.1412704752066107,0.979383466836702,4.434274974348423,4.3293918400680385,1.076368707572276,3.8179030744437275,0.8469891983770731
60,195.58571243286133,-89.00412432729476,3.2531168096847765,2.988463614934101,1.3972711770104955,5.691068677869742,4.370560968508258,2.37815942930858,5.6860225268231845,4.389359744807514,0.5628225480494294,4.891024986068923,1.3069883409496343,3.876132004268328,3.456418172106737,1.8458264137274945,5.443600820348614,2.0091329662226363,1.5444711429000255,0.7967869261850921,1.2426399296515862,4.337680521115057,4.759326405470703,2.412960229327139,1.182671588550046,2.9447874311361666,5.978684754504372,5.4295287771857,4.094074626714636,0.42987351460575074,2.5178290009614344,3.8733826137446923,2.1535049591988558,0.1882875136639846,4.891847165531389,1.8442124110855813,6.108371909530898,4.973309135155456,5.9364365976015,0.07898398639501182,3.669906560389331,2.443589313966892,1.0426594353254688,4.801038269596892,0.7209497855564143,5.644343945331759,3.619488048841576,5.818121075545583,4.035879382996626,0.8408371212339382,3.80196067501552,5.426709601682231,0.33609426597316727,3.0298221685558007,2.3519636200395824,2.069292109224215,1.5333065236536185,4.506892992507328,4.2274624341861875,4.176947395545036,0.9256434516610981,5.3790767093088485,1.5228832464284991,0.12128584367034521,1.666308673054047,5.096699709466341,4.228032697400653,2.682388255809897,3.5888417099315926,5.166434673627999,6.209774524299656,2.041173436038598,2.889950551362442,5.215883008241712,1.2271672849014026,5.390359748094833,2.6380507654206595,5.6485925786796924,4.638973184092102,4.0143506870510866,3.650015949350158,2.922852261328735,4.203135464087752,6.060715836702546,4.379284825419843,4.152921923249426,2.1746918455216138,3.467438815257327,4.172787479765234,2.824825278662653,3.229475536789294,5.040192564949424,3.4454444362867727,1.4619521927317187,0.3924860452066353,3.9736822190184773,5.340409622185212,1.9784044917971286,4.144828494517194,5.047980093926809,5.661383327387702,0.3227662625661356,1.7219295815704012,4.878104922418988,0.18643215403845687,1.470472228700209,4.985172263290347,5.71896987885503,0.9648172599098309,2.73430316565091,3.580408871058741,0.3137720477114258,6.204644845468772,4.870815719907869,6.267451357903295,4.579532005658185,4.6828707701695285,0.6807612947616962,1.761754493751025,3.211042074313589,2.4927954441611853,0.21838605950459433,5.742477362051399,1.4923330568432376,4.242273873494383,1.0893486811321824,3.1804381267034083,3.3416382328559244,3.606045840645123,5.022232841084591,0.8958198264980355,0.5060312317211034,5.260754601087287,5.193978071103152,1.2115087164425629,3.305702561797988,0.6879434251591665,5.964951993723301,1.8161208227662953,5.300672757040097,3.350581546098733,5.958756131269571,0.3973026878347119,5.997727296948743,2.2754305807612907,3.9744785566586067,5.808089192827695,3.592729884254825,5.4088517455968255,0.26102408083853057,1.5405444461367244,3.70687540983369,1.9911401054713107,2.316748794941071,3.658246965137016,2.853877320641137,5.095839414000026,4.897744857766661,4.913378874737683,1.5889039814361179,3.8623189790893284,6.099508877817146,3.5179168812463693,2.094011798204423,4.865524534964472,0.15883420152375702,1.710156053182522,1.7143756584573058,3.2997930321503155,1.3031186519794788,1.2154438443835491,5.960464301404008,5.561098807616919,1.5484067086239401,3.325207937135962,3.5589764736688156,6.064772158807692,3.8529613541867924,2.1047587828206473,1.2683645611695642,1.9193950511198952,4.746806260215654,3.162504947401698,2.7846832659003673,3.315491814036628,2.0360187840460884,4.3739766295821925,5.043756934366422,2.527919808587512,3.9622916275249835,4.033591034085193,2.816825144591957,0.18974943158204863,3.8776754856017877,2.7106389089105263,1.0512993857065038,3.674001873791355,4.5320460320225155,3.6962897414276275,2.3087488745962994,1.7364777172710488,4.688280253280533,5.41716233234086,2.635155571886431,0.43830896561163113,3.247873914525499,0.7234398022098109,2.4815502587902345,1.8737000394371972,0.39422994178020593,4.160074270426259,1.192024207915703,4.82042159304625,5.821956002782067,6.251667025974443,2.499951685019391,1.9490794973364707,3.69773597490594,2.528793308314051,3.4111920648137937,3.603585644722487,5.552029690748015,1.5120543292365582,0.7851975470741205,5.940336758841109,5.74819921048725,5.149208146214257
60,164.17338943481445,-114.83537313089553,0.22931788229920694,4.899182497228282,6.176821641784289,2.1519915177352313,2.544407521598339,1.2085155973118684,1.110258768274483,0.3734720898409365,3.7986057650150467,4.949864505823325,0.6643428605133449,0.5879879987375219,5.292682551678246,4.897236597357955,4.302642247674927,0.2411277095684225,5.47968313171045,1.847032267036468,3.1809366411261117,1.1139367681066648,1.7969696200131533,1.7349784368362968,1.5206261384868214,2.438843464760912,4.64438546693995,4.621236279906557,4.587531877312095,3.4259301591494977,2.0151589085219093,3.5089246483921657,4.930680730534777,5.561882551476689,5.742600268527976,3.7667579555145942,6.211779818094443,0.00047148762592672845,1.21802943952588,4.564206264113261,3.7944632828647302,0.7511192740631101,5.160962636474587,1.3402827811461826,1.0236082265091562,0.5642465172094714,5.849460040229122,1.5022480149798578,4.994581913357077,2.370080609686311,2.2732698410017766,2.1381581364628652,2.406667359920773,1.975258149962236,5.928317418945832,4.49588931223896,3.321066920491138,5.599750999517256,3.1847098386404378,0.20109791315263556,3.8513178760990345,1.4686503406542604,4.064778236017624,5.920523255942538,0.5643928160454796,4.861180658647758,1.0107020513338012,3.7694478841934664,3.5759316908258465,2.1887138145260376,-0.020109466564302098,2.7908090086379316,5.1061419100541325,3.3304693974638897,2.0594501431815346,3.4687897892680346,4.375204116845885,1.3367798334707068,3.91962223453626,1.946667260288017,2.0313603958585267,0.6771254040938378,4.637564383937851,5.156431247525995,4.742531837489661,5.199279891222079,5.163620218574123,0.4367663859533732,3.115424535658616,0.7036398360618602,0.6441251115812774,5.423948174136423,3.1921863609531815,6.211150577810174,-0.014255317203408023,1.6269035056250942,0.8035096118883548,0.6256912812021337,1.5960005316228811,3.0681912126871453,2.6974326693367474,5.1470199916588335,1.5183389316889444,1.201971048523739,4.125005762635391,5.1656596531381505,3.5393251591763426,3.3321356547576495,6.11497135028395,0.6632340096153753,3.072595984929555,5.242502743130995,4.837418318204278,0.44039872711917194,2.859103175974438,0.554745863416819,2.4470104054141935,4.873720432370988,5.392386029834554,4.178248057592315,1.0874481350538057,0.49456428545701336,1.1359284295519725,2.3491036161047276,2.549204718214609,3.927731972249663,3.9023244893604,4.0762643187875565,4.444577034118159,5.24089994367214,1.1253978314528053,5.615119618878873,3.8561537728850186,5.950173501039796,1.1812306394669472,2.8074199125744004,1.7761211034184659,2.9006776545137605,2.7352309535762553,2.828399159735045,4.36444282772647,2.694941198029574,0.48545014710444157,3.0920474549692942,0.637423156399712,1.7469345391617865,5.950451439138356,0.42152068218765915,4.048574600330541,6.146292113403618,3.268798895975294,4.699500386671559,3.9566796261461743,5.892779768593729,6.213043403828952,5.919437661992701,1.0497397556757782,5.29039953847454,5.342337735181035,1.6431399299032048,2.386857442768902,2.854667992064063,5.643546658165043,3.968698956764282,4.8401300698474135,3.5920313613937367,4.773554090217132,4.013748045143992,3.568022310983063,5.026564338601784,5.447332181976549,2.6618662446205503,5.028343273851986,1.626910009313033,6.193559858562557,5.813714642794423,3.1730447466364,0.3556490985975191,4.876303894329721,0.784142029882645,3.991097449351978,2.860630851877106,2.5866259387184494,3.2929777710040082,5.251602870120628,5.3751636460778425,4.133404731837939,3.152409550111456,1.2507590253860355,5.7024907448489595,0.45497516701060975,2.1686971128264507,2.036540408942052,0.8227509116299334,3.678653291528681,3.6903799386882516,3.7711134023067565,4.473651601333826,2.0527253917879533,3.4913394265861655,4.118699107941096,0.08917731639250238,4.4987192408153485,2.500258989607368,1.5110323690658514,6.037443520907849,2.7212292800896005,1.329405019912815,5.246464579516582,0.6227788368636838,4.724696021376899,1.305291715374352,3.1017781030569327,4.116336249837463,1.7324697602621044,3.1230396065988875,5.531124941799498,4.054813194423599,1.7269415851257879,1.8325365689298843,6.089540633706814,5.37721262380198,2.8976384055062905,2.19430092665746,2.863185250960282,0.8607651001406347,4.490265994727014
60,399.9695978164673,-71.74180536870227,5.054527150838811,4.937795225142399,1.571646279322055,5.57534446810271,0.2364870719299701,0.3855316836011082,4.156714139320859,1.4955585061538035,0.9564850182769226,2.7499783391888273,3.7834292045397153,4.568178615351333,3.5597310553601216,1.200267425992243,4.250618196942226,1.2040968918881652,2.9658956273884156,0.33824597526589995,4.240958844292209,3.9143531103089644,0.7059187245903835,2.1597786551900717,1.6215268110885102,0.674665722825212,3.348243242896527,1.175060667814892,3.5761619960969773,0.19484497179831767,3.1451662504907834,3.470386272662562,4.269966884286449,2.9206699439234485,1.5099392595835661,5.174074146237443,1.7368958788921758,-0.022551779070644658,4.11290003126523,2.7002562833151083,1.596551632534652,1.0841167233112197,2.0364225670090774,6.169163681767221,0.5164057139326906,4.4888835437158905,5.108870530054089,2.04544795512858,4.858178063519819,0.8221803397816816,3.837604449874668,3.4209572812058595,3.5163654829488813,4.627189480272418,0.7481233494431143,1.598726479157495,2.800655375093418,1.4090002830720745,1.4713606665263281,2.309338345382488,1.6847055612009165,4.0742973142741485,2.4287583507875694,2.438070247960381,1.5290291987520932,3.9173936591901,5.5333712695001,1.5989203407300916,3.793564980901929,4.639000931081256,1.8272043824046809,1.886275853571523,4.655559864738514,4.427537504205093,4.094785019100116,5.1977219612492975,0.7592061238107505,0.4148176332080268,5.6712134255647015,3.6179930049788904,1.734618929881226,5.990753876612655,1.8145377397659717,3.0218533627169086,3.323010708536945,1.3343423675801953,5.771513021989532,5.97516187365609,0.5024923251768632,3.660958314374399,1.8769500515253756,3.332693019056696,5.698269912643294,0.9517127080450378,3.9354663968220334,0.3360860372915955,6.067427139589141,4.305854610199451,6.473930085464679,1.9750782726826484,5.259127251609912,1.0442997397992937,0.3081470399618312,0.6665945375400482,4.443146425213684,2.5919041901947013,6.251843636311738,6.031422570338818,1.6366022258046522,5.380543093574384,3.272971014555521,0.08235353457155405,0.4856718676683712,0.9220509327131138,0.3209072593434831,2.6298767729238706,1.2163770331508375,4.167644974637608,2.154585373032871,2.7311515634417307,4.2557185380757785,2.6025847772337203,2.5878252342950234,4.904970574463836,4.308741760847383,1.0395853047770653,3.0228659836611627,3.394080411771786,3.153818549053032,4.962611942016032,4.161490401992755,5.772781044450496,0.6731190998403751,5.159959588808575,1.2697360119292542,0.3142143660554171,1.1134054746564097,3.1451878290057804,1.5206500603527755,3.2532987128476076,2.9325700115649997,3.5883471099777644,1.2517495472642293,3.8251808206267337,0.7040997099620094,3.6555690550308904,2.1267592196987093,4.163569162529326,5.370795320205638,1.5824306239881518,1.374630415423626,3.536744891301326,3.963713783632792,3.6602694789457746,0.03630135309510969,4.006103258443004,1.0591886506641945,6.2306310361668995,0.6018831448696994,6.2152874298240235,4.608412288517943,4.760100792459758,4.459299462296954,5.990318214145584,4.484432276506213,4.2326211260798905,0.15727098102164022,1.6458104998011982,3.896569097414926,3.0260195580786524,6.055951241901747,5.746932728631269,0.9418245860481326,1.0228434274728655,1.2522905861459912,3.5922428427732593,4.668295515166809,2.6116851997936945,1.2069692623258954,0.8131618863776919,4.238291834726034,4.5088785731213035,3.544076385784132,2.1143581067484067,5.768529515703108,3.0091155600142225,2.2429508722369547,0.5142694735219294,1.7850037583257956,3.345512129630677,1.8413962433167137,3.951657076107608,0.1759008243394535,4.803807633567962,1.9368440550530905,3.4321458072170348,4.628193920358521,1.3978389886152764,5.858032252814243,1.6810458960283705,2.7318904637466397,4.326382272064416,5.682805498964924,1.3536486999158552,3.910164093683061,4.625163496664662,5.483637748812959,0.9761687030703501,1.0267515314945788,4.472625770472615,3.5197883567121155,0.27674331429267995,5.0812312477451,0.5986622294162175,3.1812862018463313,5.890527367000586,0.6334218129154572,5.5030191178305445,2.6096686041894372,1.4613966608397644,0.3452931252884851,4.165126663639244,5.88427722686762,2.9088436848398147,2.6679139385686343,3.3589935707565273,4.15834426244397
59,196.2529480457306,-75.29109534254519,0.14658673446806272,2.3934699580563192,5.212896849260526,2.8825311736919788,6.281174133827996,2.1983506868220304,4.798009771455561,3.9726134740572814,2.180816912012229,4.181794997101416,0.16247703647808195,3.071921023197026,5.579823698840795,5.621017972259657,4.148840071053504,1.2543472225369097,1.4199185943337793,3.9997677700468417,5.883254381352057,3.520718939385903,0.69350742219504,3.1101284859776857,4.707249052544326,2.0040912280668057,2.0571515002911176,2.3761289743855993,4.547005487974541,5.57726476185334,5.672330304157105,3.9142464040178404,5.713231149943459,1.5682449619444927,5.643358971461917,4.104735582601908,4.139263208938349,1.3069522049725684,0.7341006981328045,0.6404009996898814,1.1003743144531495,3.3600623254312856,2.808407343968442,4.341923925663121,2.2308514060788185,1.0667348624125064,0.13317192717914236,2.964664392668852,5.037312166916909,0.44124803645261007,3.538383389396588,1.723267292371009,1.406018385452734,3.4073819607657434,1.839515938445932,2.61774415271896,5.956385211601393,0.5827519892177646,3.41109557876363,6.088139690266554,0.6044795285307881,4.312242175680087,5.278071963817446,5.126575108700329,0.8839148706330056,3.0114799815140176,5.457347714023072,0.3640399327580674,1.2010684927530508,6.183385969470154,3.770685539908016,3.093510030840456,2.130567644097765,1.4355422291891167,1.0965839595041027,0.4320031177196945,0.2690225492314662,3.3498033118487096,2.3592932164814453,4.434403422469685,2.3740541820037944,4.770402643467983,4.317666849462177,5.378883767279982,5.735617248651704,4.145924736073491,1.074632362499231,4.9500730060505465,0.9318036307351476,0.5600225023092177,4.913282593920131,3.36912373811629,5.451593461671229,3.0157779912967526,3.9242212856275698,0.58225057623994,1.08725785022687,3.774673249316952,4.735265760207908,0.3028441999259123,2.494806967920298,1.800548689605742,1.8132155317958252,6.235643640859118,1.8105134380682986,5.569670000383014,1.4545004371864672,3.8033887623994103,4.061272031291709,0.15162277514640105,1.8337822414553153,5.29861597359895,1.7544841428271312,4.922501323883172,1.2476278226528033,5.5969048452610615,2.3933680712770085,2.2121934645369663,4.065762488435377,2.175649544807608,1.5001638552331154,2.6191673506361335,0.007175317458896816,6.272035378043505,5.4920375250850695,3.246316938718862,4.102339467170294,1.615487350003643,4.099517723034717,4.703781277622773,3.792188970252027,2.6774472479476077,6.080289418268762,5.771802961898183,2.1643077066324308,3.0095094663716986,6.136803342327498,3.5840166433812044,4.964079362939816,4.529550407681561,0.4324778400712929,1.650390866204448,4.530279386138343,4.979316182555389,1.4733583819030454,1.7366468786493725,5.38028659871776,1.5748400616921707,0.0837738089216413,1.4039952286445008,2.8700710125006483,1.5367112167051895,0.8426870473225646,1.5707356003983233,6.217076537469959,0.5648622534487698,1.4884926576631892,2.852374685914034,2.501653394800688,0.39087071592101646,1.4553356272316755,6.2022716733689265,0.8167362699666907,3.9240864046223805,2.3306871832661185,5.5781177812717955,5.857383167797856,3.026391468107524,5.925950333517843,3.5564913575454593,1.7977613300208306,4.716115887045282,2.6791483245318637,2.088341083998323,3.9504473294253346,2.685734069907874,3.6335129166111413,5.188661509894029,6.165300218996678,0.7663199010308113,6.150370148957923,5.335273518302674,3.8784995979759436,5.381152262730521,5.221076159454256,4.374682572116879,0.7762094843121593,2.295947779789878,3.1192106426236315,0.16680916295516446,5.683760669766216,0.31703981203503606,5.859855120727949,2.327348727900486,2.211135684946751,0.4029517355160624,0.8367673754925243,4.239395303813346,0.1854864986800553,1.1007245379641302,3.3452236794575647,4.945307004195819,0.060170074553346206,5.422853838926299,5.351078544101783,2.5176112334682403,4.013569606872196,2.663422156777495,5.091213565761672,1.1128892426408517,1.609897545049888,2.1881748171416127,3.930074443709929,5.82138340447603,1.1931360645044247,2.2221127489128616,3.928565470122376,1.9624412969453067,0.3408559093266614,2.1687802253139497,4.553989882314037,0.17686085175652827,3.434975305005303,0.17635679035263271,3.9765532302703153,0.39404738360698965,0.7065319431640368
59,415.062570810318,-23.10310943423019,2.0940897352371612,3.4833908162143046,6.270215068128972,3.036296595740254,0.33687913372263445,0.6152499347109145,1.6354531020851362,0.37278630584250155,2.6547809931501916,3.215453851177244,3.2287725255414905,1.6293737699314907,5.976241478796552,5.577653571719245,0.1548437047132559,5.55032743312185,4.462217058267164,4.8414857768472945,0.689392734896789,2.777910529090804,2.1660610487800587,0.8450674767234235,6.016064765811831,6.237497569429786,5.631759851374953,3.5317092069762683,0.6021337800610714,1.8017957268551672,0.7236863328797103,1.4638900956447691,5.478986598433117,5.429711624854923,2.2889900531006253,0.08034455236780044,2.5372902795282783,0.8219342632275645,1.1018318218311478,4.412455783277558,5.0677947146190006,4.278166009053831,1.5758281705228452,4.699389719708717,3.135989483005704,2.1013835464531314,4.171202124914784,5.381915846762778,3.001382959503969,2.104450939864054,4.665228059644172,6.277318514086164,3.4497407766168715,3.1846408522479837,0.5635968549590545,0.05288161909220731,2.46436577950549,3.8462370692365626,1.243011098876982,1.7854911514140601,0.11688339699509664,5.505623291076211,1.1841560958930821,1.2538747988233871,0.5346270958858952,1.259729048852883,3.9411042483711873,3.1885423447135195,3.3191809060556765,1.9789189417679753,1.6727432419092583,5.971409565764737,4.14825813938129,2.8677276238383804,3.9103679150336723,1.028569246559983,0.5202541427920093,0.3290049339985875,5.510312641717098,1.9883535730317228,6.1451901658964,2.1201114845264297,1.5976101779901386,1.6896052402105504,4.074656072289964,3.7407704465478404,0.27829372903098903,2.578092393605019,4.007387465110869,2.185330871342813,0.6707405809377548,0.9009794751403739,2.2069932091336253,4.568952865736676,1.498567542997732,5.746148023012932,1.4742886083114035,3.460238342489965,3.7851793302502585,5.175476118723318,0.6727167337594022,3.634312778766968,1.2738688448677504,5.20172372107168,1.5483545713739582,5.75031863549686,5.890889261174171,2.732981527917464,0.40327786566477836,5.905057026655964,2.051280425623268,0.5652638463115222,5.148322135854504,0.5872322901129848,6.122006884283577,0.2620829223414499,0.692164531176866,3.2933795746386205,5.3687807482262535,5.672552833190852,5.918683984939645,3.4193411909585154,3.795896183056792,5.565664856290233,1.9786096001220423,1.6602842622564253,3.193276805907871,0.11285430086893697,6.209924978522705,3.0284819175137683,1.821902008230914,2.043905101753909,0.959047021429242,2.077552357944077,0.6823037984542148,4.389154516221117,4.758752496680145,3.369447048234278,2.69477349387653,5.847319809353419,3.36716595132777,0.8998044073667659,0.45749576972047884,2.1473875309907733,0.9240060273665477,2.6501077885481554,1.922533952920989,4.2946867579226335,5.800076296837931,2.3336444908082408,4.0684130331607715,1.385140208832728,5.717824545044657,4.101904194603439,0.9677184610461972,1.0477801604015806,1.9318812208677398,2.9858466473951317,5.545920425613696,3.3494307819975067,1.812865413596233,3.271616883332956,2.6061141870381905,1.74324409156478,5.950767668893567,1.485415225563511,3.6626074038167986,4.65428494279031,2.4156731712093618,4.473100980937377,4.22915018964361,2.044446397581821,2.1122480684989027,6.123518800999223,3.3478590389601806,3.416859624569019,2.692708695339759,5.350300510702066,4.610736103749486,3.1059981115503748,5.5048933454374,1.666535404797484,1.768836723552882,3.6319017498975192,0.27564235493880485,1.5924943622528793,4.965043501245665,5.333687431059194,6.272147983680791,6.182622566354937,2.6186713337203797,4.0959804957820065,4.4326539819070865,2.890185121545111,0.5288372474679592,4.517395370966539,5.646981175223742,1.3625836193622756,5.246946879716965,1.452200792933955,3.268677857271295,2.141273420356593,2.5197156210620397,3.6447247284013193,6.05564943482448,0.170181478205493,3.367453055913503,2.0561821193560186,5.972776899648719,0.2797661030740496,3.8396542771687314,4.753505643504514,3.597875853594715,2.458331357389131,0.7118401122720738,0.17307955321580834,0.9050660239110729,4.8445383487563625,5.732593894551765,4.782358929084033,2.647440897776406,2.3935274148733705,3.4055472926663306,0.7499992664604834,3.5166984467814135,0.17453863606204412,0.2558719026051433
58,409.2688584327698,-76.81858621164025,2.7266579623300102,4.948804626263634,3.373248339596854,0.9931169828406626,5.661148168187826,6.16672783070658,3.243166313798303,0.2282071046342187,0.7542257414007641,2.6901240948776732,1.7772166913019316,4.771497676446494,0.9707524228005503,1.1506632000804053,1.7056402827150394,4.253364887265158,1.7608801266971708,3.6876064008166622,4.193690447174458,2.37293840663302,5.453520036246302,0.16216615101514936,5.031616628048782,4.567251042262975,2.0147796073808264,5.420842382997878,3.9239706345475454,3.2366683393586055,0.6400483888345346,4.108206381185991,2.7728345299482124,4.537330524029158,4.9765273097029015,4.060418879304066,0.9552546264065204,2.7839839828383925,0.29339224058383645,4.889945314324201,4.274251665411697,2.5624980126420573,0.14579869754571168,5.819839323375757,2.745429325516187,0.5967216414395227,5.541222778137362,5.79174697663951,4.691849907674717,1.3305065281294584,3.0208484410072387,1.572867531343356,0.3295502651652655,4.521717015223889,4.385556558292914,6.006731039785908,2.430372445505043,1.630785419126057,0.390518753518397,1.6239588722118259,4.601005796760654,4.527684937553411,5.135580976610951,0.8125041771752667,0.5799820294850688,4.677657502122505,3.6925810029533457,0.7844093358385547,0.14428272542544712,5.509628941348848,0.0567441931755051,6.072140516253021,4.139372883207172,5.127268801280099,6.035578656100464,3.7883583349846743,0.2899568256240743,5.5434123125049695,0.08640375534015232,2.161937986505159,3.617453224045719,0.025845560082289415,4.399643108189009,5.984944605818556,1.755549952622839,4.334435591890178,0.6133184354752461,1.6749498022139935,2.4852962634919002,3.426783519893629,5.715620604270213,5.830658125076898,1.2711575797834922,3.7947244514338037,5.555236720691873,1.9806636621783056,1.4972432048947164,4.646797005235227,3.8827103894490205,4.111274868633326,4.502268031704954,2.1159050047847403,2.5568893149766905,2.8966035453503585,5.051246968570601,5.699152086771037,3.1101560082145685,0.6370517320510534,5.0121575600807775,0.7178654754362425,2.3938137719170394,0.7672903318893516,2.371279787951393,6.0737278884015815,4.744260753124163,5.17227356698781,5.163551311083302,5.806249009222812,3.612583468818251,5.679067915477262,3.763756015753672,3.526006871745187,3.4932864740245515,4.437701368502476,5.8265973039139665,5.68693934574253,4.334932650825327,4.053021638615604,1.5036980742891781,5.840853817856697,1.2210228205939193,4.332690178622363,2.6391787384999574,1.3204394378546265,3.3683670815019675,3.6782538898523995,4.141051678901894,1.486816862023055,4.068217599356284,2.637767354537041,5.20306151848845,1.850606447365548,5.541022496776517,2.9731008026948413,0.7972101949396128,3.3889822312170197,4.589812059280634,3.1094760992505717,4.958265378799058,3.2723134594317096,1.2994629980669399,0.5092170149467832,4.375932170851964,5.033982940295413,2.4708647861122928,0.05302511528323482,0.5051014879803339,4.162154692408116,0.6058780339801474,5.617349799000721,1.8106407742430444,1.0060955042919522,3.6614737037283116,4.450345961090951,6.267332558715148,1.5533362849964214,2.425211478124907,6.210847080915029,3.520879093082846,4.390908076905549,0.16874955804815112,4.127556899700962,0.7053061287826717,3.847956947827199,5.210093233999665,3.6775599869815117,4.1519865375867795,2.5568829857094673,3.5227624940961277,1.0579053894296457,5.726346508599619,3.109720264365004,3.917839297338354,2.3376031487922675,4.153763731624103,1.8668975202096312,1.8393339380640314,4.975045879089745,0.20820965041297684,3.6554480338852464,1.7206683257619304,2.1986973456106234,4.4980255688297905,1.7791733878283917,0.7739013382808738,0.7085649717504544,3.2011692996420384,3.013580004326433,5.816403126021235,3.4184839220663257,5.868342739936772,1.1324314561060476,0.3014889252278571,5.509642291966262,0.8954892679476776,2.874276522142138,5.478514084857916,2.215128035791686,6.131315213823214,0.8107168833927899,5.504275298935276,0.5147366110137739,2.4609775866986108,4.401003520330144,4.665419372976977,5.142019197020676,2.926164942052173,1.7655845920384257,3.0664491880810605,1.809776644110949,5.687868513885294,5.919443772230359,4.662883086716989,1.3056619906105256,1.7214420466431601,5.053029969734223,0.7265017690658961
57,412.9320442676544,-64.18988998142623,3.6411248024838208,2.6693568938312393,0.8410600422823539,6.230116236103226,4.57284717162707,5.5303435987900595,1.8087212627346425,0.0704658705010405,1.398104117985335,4.851950597674836,5.790732438950886,5.472300400218719,0.7404804410260316,5.1433464852106505,2.429925031115932,5.708558607356947,1.1515302423861022,3.2744203854676597,5.388799453167164,1.177805986395452,2.8868937748881325,5.922239555765798,1.9351048273981342,3.417379294728049,4.396139214460293,3.8581784089985067,3.868887530328699,1.3001018842955199,3.404212119446432,5.8410749029295195,2.887346737015601,6.093385969267517,-0.12765320114481404,2.769937472089033,0.8093449849968285,0.3939988856101061,1.0382134394928717,3.0017803136866155,2.480346578204443,1.856591168102146,2.7472915807292075,5.315315678494759,4.470125792956174,1.0660499533713426,6.204745961764278,3.58750052887256,4.366423485954775,2.61598897959573,0.24871612624104408,1.769029208575814,3.3409407888150047,4.296413790486897,1.9838872434855819,4.69833195261224,2.416039687179898,6.250400650125488,0.474456188470856,3.3947542635558676,0.5439526254369498,-0.02534915037116371,3.532996993171191,1.827489257656791,4.254580834172824,4.032709907026592,1.2293919342137172,3.372029164529338,2.1966466319783704,0.6438055360628941,5.735341065382592,4.310686759381067,5.528552135222575,4.312260272540559,1.6205950826764681,5.285813446125442,5.889772423866231,1.0710390790639377,2.623707790806031,4.555893479656521,2.595941248498845,3.9852635153626705,2.5023539015187826,4.78389582850491,3.559088456680904,3.8470840715771955,3.2518572748106416,2.054397703074641,3.429466161264008,4.771064875745296,1.2609522107621465,0.4048265494185321,1.5373918741509887,4.800889997024263,1.3202275236631553,5.102674194364603,1.8787487864300285,6.088764354613461,0.13586874437635027,1.8192837152413248,0.540196369175481,5.856666399467175,3.638006244030151,2.325423062469166,0.43061345153000175,5.344486124650851,2.6826864286836876,3.112399923037053,5.948744634890581,2.418824817273142,1.2418661980000614,0.7998041100207838,0.9465984154701006,2.1654841648817826,2.2046231257232027,2.634570727402928,5.84786516998982,3.2751972800957145,1.8698099448422707,4.78327174359785,0.9940926913492684,4.639418066640559,4.067804411603217,4.701561616019266,4.005311548671192,5.774357526774709,5.08337718278532,5.724520926050156,4.601830927356977,2.8275292061637827,3.5169379855688896,0.6947549588333232,0.6459115469129474,1.6028385828191631,0.3476161527053928,5.346831154244335,2.324164879631888,2.7330409655620116,6.1360352789426305,1.012257426961355,0.7421024910915299,1.2728612403745827,3.6559247385729114,0.3873647383431381,2.710436381733423,5.592608111496462,0.364221032998426,5.380740100695599,1.7294798307412058,1.7690332701423195,1.5716051836699019,3.080550110357778,4.227592797877271,0.32202218757858364,0.7128713448969702,5.592083556594539,2.5998814053832087,6.188696230073819,0.44005565683598064,1.0826475931249044,3.418972781558507,3.237626560996296,4.903388023879836,1.4870710147865294,6.261861122862035,1.6489606125068645,3.8060482422307236,5.940620722532282,0.5550512605583812,4.798558420464187,1.6426380584677678,4.4119459934353715,4.19535691465537,2.9966788181140815,5.852329959027138,2.5664584431082127,1.775145129703343,4.343978504999627,5.3153341454709855,3.1768933320969,6.247867493978224,1.4519873634100275,1.1006047220273174,2.4920703175180297,5.955030390527777,2.952368700444859,4.884497228218527,4.381271980763683,0.023553849608414668,2.2187197135386416,1.3643271336383713,2.549013175257976,0.726233130330204,2.7902780014756567,2.5324971817756956,2.97123775019259,2.124545674663455,5.39459385122226,2.222542994569173,4.21381468671568,2.4618779742893326,3.519159214576475,0.33878786985615855,2.377786817458292,3.7253833895885684,4.496094186073266,1.044121218677253,1.1516416132608338,1.790611755693873,1.7822694076415369,3.569469737027418,0.07968055768639469,2.878968710916425,4.789469218480387,5.151750884572472,1.2160676914524817,0.586991832608336,0.04403989568758728,0.5069380929828134,1.8495994588719746,5.838240524991452,4.3662463009110075,4.602585442535039,2.655246215553542,1.0038209941588756,0.1648425086227535,2.83899278360925
56,275.6749053001404,-112.10614540267443,2.6778526653490795,4.312885585509379,1.8379079056884784,1.7070646631796873,1.3388566273284026,2.3422902946773925,4.271348174307895,1.5210236094661111,5.450937998740579,1.39366722035426,3.303871002250311,4.553387252030377,2.9920272544187614,2.870703445166281,5.056956897067293,2.5333087775811944,4.60700004015318,1.2866532336091399,1.21245508388396,3.1008853390968323,5.124119580547488,3.6570388317775175,3.3086286211503317,1.135187608799288,0.4565556396366649,3.657859079586542,4.255491887573082,5.609088887226463,3.00901407713056,1.6505719487225832,4.00434338681,5.381102602760048,0.7052248650416504,0.5982303512869533,5.922434791700904,0.4598136501337603,0.3839355292011408,3.4585826979741987,0.82552290820308,2.257587970208328,4.38953535095261,4.864404052594343,1.310404526467485,1.6680224689491217,0.4422419352048486,2.965567720379223,4.321279848125608,0.45869824237393836,5.039510899125486,3.613383912133261,4.3766956708445015,1.2601707364221744,1.2664620865495806,-0.2926606081163311,1.1300862319877145,-1.2118429326856193,1.7450423602608283,3.4048269272248453,1.63823469803013,4.95075945801311,0.3509519561168121,3.821327174921637,4.997457917477876,5.478881787994836,1.0514796132166475,0.8210695856703223,2.9685709174423334,3.235335513358743,2.43046298918096,3.937997265849481,3.9743769901607173,3.335365559313677,1.5167977606898633,4.658650436090457,0.46417730653518957,4.062921053837919,2.828677715543352,4.325081811053035,5.391390440206959,5.786901747233896,4.997049464359397,4.83484899388977,1.8633422523771197,4.507708861812842,5.816185586160213,2.9561504379021826,0.3726318695420635,1.3949544720221427,5.1615755586096945,2.4732977608512328,0.8748348689855118,3.00277682890365,0.7307721283968764,3.78915748614939,3.2309538153893835,4.146379646309669,3.601381511704053,6.2063213562606006,1.1113752243040003,0.9379726443493641,1.4836598142903117,5.893627918660537,4.521907985897658,4.939298168587478,3.9297413720634364,5.915562730606102,1.4764309871540517,5.411789934606719,0.3388409895847355,5.461694774627451,2.327468067990551,0.7656904936924167,4.959896032017392,1.8637528418568494,0.3748818586179472,4.6698460946473,4.014726346029278,6.0463954604956305,0.8295557938689975,1.3920725635145048,5.14270204318525,5.359171768835256,5.534960105644139,6.212560310515547,0.13375225409251143,3.0862240576313593,1.935652689407981,1.8846104601344051,2.3003467486185416,5.863265221194741,5.094105786474559,4.138483360071627,4.594993777508748,2.2902205956301263,5.912499640327267,1.1321666546234868,5.0900139508320805,3.0977924030371295,4.756821292536509,1.783500931536252,5.499688501525245,3.1625686656399163,2.4990203370734796,1.059362155407776,2.0629795998116234,3.2113253237799153,0.9326191325172922,5.440275681267693,4.825311860762654,0.946070262690568,3.0225120933074825,1.8521014648876237,1.781898866676532,1.313401362056643,5.361172077390019,4.279240313205596,5.479381967722133,5.091099855013683,0.6114921324031264,3.7903125560498667,1.4743146370533873,4.170156791837903,5.839732602136967,3.2811408075019157,0.49288028702089043,0.9335796501551538,1.3437355831593265,4.4228620199375825,1.1818474179931775,0.28300912997169775,2.654845304563733,4.40638515486838,3.6763623718105656,4.021754097409237,4.5642051022323376,6.0124305122773185,4.825404780770416,2.638370941645111,3.4985715312641505,5.921490260163417,1.9457865572417639,1.427136406185896,5.541495563623168,1.048925512938903,0.8192479180241934,4.7988615760864,2.114162930148147,3.6501878328507615,5.560285505286886,2.3884457353772985,4.984200618061649,2.1763705269928675,5.343413577887436,2.531583750298077,4.316480057715066,6.17566248767019,1.5734341010131996,5.355012891019143,4.6755889958172165,4.470262111030252,2.284690074551752,2.9346634274138292,4.45949515612188,5.624522404481977,0.7207848547758314,5.18931027987921,1.0377774434001852,-0.6472812157317855,1.914355659338921,5.962948536960155,3.2603479278316447,5.458440715179714,4.989682838924566,5.230901350352956,0.5743976764022587,1.9955338898830497,0.4761554220973942,0.5134186635905083,3.6069312222463004,5.155741094296963,1.4881665241244897,5.026274422890236,5.913473956439554,4.001801926108487,2.360411216681335
55,446.2389144897461,-64.22946542579871,3.335328480943482,1.096810546329952,3.3658583694622246,4.1878479494008545,4.4907811317781405,3.8469264989332865,5.965364808601159,3.8856641712748043,6.141723085579865,5.865398771271087,5.74122496304104,0.3638737482429505,3.35470539047713,2.4589653522901402,0.6036108706433366,1.1596232464309846,3.4051750702077737,2.8702890086442854,4.633623875444144,0.7183994128673589,1.3880392155193573,0.3081194157704968,0.1432127007100936,1.6149823427054197,3.5795724650889382,4.9603536912473,2.4314686103159033,3.5263721500817673,3.501387983632378,3.4291520432499154,5.462417737614124,2.5905952670670063,5.528897199070194,3.948381679811428,3.999327481394536,2.0087431348446882,5.024829783939734,1.0871637745054339,4.227359847045152,2.2406403392274243,0.5686830000498166,0.16691418396071545,0.4712768254303469,3.860217829607439,0.31968911278713374,0.39704060728992907,2.245438442052425,0.6963934891146633,3.8921714698524585,2.8151277673247694,1.6472772000293345,3.763126471559093,1.64437476375404,5.997643428708863,1.9397133365768118,1.6878638040089333,0.8247603270743522,5.641903791199389,4.768389651168178,5.55016281968107,6.10297425095749,2.0787666907777096,4.882762552428732,4.654317898291984,0.8821219779407368,1.8292770099630205,3.7049011033465957,4.366442808315929,5.4154724645795165,0.6028153398747453,5.32611476935779,3.2234943741469113,2.4126084485845936,3.0593075556957063,1.8786458624991533,0.1868790483039571,3.70395989531506,5.222661649637653,0.8455607868019658,2.4224343352527247,1.4831134727791861,1.321109452782825,5.9572714817259165,3.7812384451124568,6.273100685971242,4.623749166080413,0.899572413950066,5.02000763832416,6.02491491461629,4.101206383978005,1.5107844161700252,3.7464869208442617,5.580066480044575,5.233180165812633,0.827162763521941,4.242562070163142,5.981971826241196,3.488634958733353,3.3132213145310305,1.1242567399170207,5.999157459514946,3.4947874211593155,3.88641233215636,5.306705635578904,0.3862773393111191,0.5832383163625231,1.8146082621668902,2.7637792871799762,5.249149810711954,5.83633426611853,0.9428734257983078,2.880398198991347,4.332811064688986,4.83073642268023,1.6518819592603,2.674377477243302,5.3735260652550005,3.007215308120171,4.314138507670571,4.9959821377155045,5.1754289609624635,1.7363389819372819,3.8231488961304563,3.125488615262235,0.4661039723036004,3.026105829749199,3.5656470284644595,4.924529404398072,3.487418003860432,3.7984959688359563,4.525334223899985,1.8478920499314824,1.190450022158304,2.315014769369413,1.195341584001897,6.145087064645233,3.619308256425684,2.841617588692723,5.2498256084854455,2.605755252824291,5.023974007944261,5.474226655260492,5.671577235481387,6.0003460687404,0.798878968731906,4.7937285905170715,5.745152959660818,0.5223447299775806,5.460656301037078,3.3645896886366686,1.7509819536224227,0.8526125481769987,4.422502204728913,5.950865061759102,5.287681392468753,3.8468424186126495,5.588736958627267,4.967971178621413,1.445057055462109,3.02245025601611,0.6346961916401176,0.24250657255596572,3.208714760816461,4.387471311482128,2.2932355872632177,4.885688275081184,6.217712700035933,3.143091021611104,0.532583636613086,2.098723371244898,3.1127472039570407,3.222171541287063,3.329256429592927,5.632908454079728,1.8199112740469152,5.495339120172352,1.090687036778485,2.6142237551344953,4.801965692941533,4.25343028469398,4.6816727448459785,1.811826270112031,4.763714143968288,0.11726129065830437,0.06337202924591039,2.187991568930373,3.208595934492232,5.252593769935553,5.806060222668262,1.458728598359037,4.435770546643498,2.9250229392513836,5.1166623655518615,1.0918912132122565,3.4248168308215643,4.4745203902642885,1.5219910516078659,2.536624888234075,2.508831788447052,2.775134188015004,3.939499725418384,0.14089118985672314,2.59490975190815,3.1013521492597693,4.4831869871317505,2.2955224353493597,2.8088314052114915,2.344193128646248,1.7399065375514307,5.157953170094085,2.264864092864123,4.967680880536834,5.3602736663605235,5.506126785423994,0.7769431403147533,5.43167499932894,3.6864199233519153,6.238283479246407,4.228206690174282,2.066116598830456,1.3907198669897818,5.031762887452517,5.66398849087105,4.308383784604984,3.202953474381805
54,382.293395280838,-96.68166797871802,3.2203975125453197,5.317919240131855,5.784463222722643,3.937839707789804,3.291370059338353,0.20858707573508256,4.185962612854457,2.0497057544528476,1.3995836972552966,4.141182030745664,3.124106558781856,3.2537166850462143,5.217480533352156,0.9302058533055352,3.569111561259267,0.9926909388882,2.40639271877043,4.931425585198304,0.8888516832503875,2.4676904357499225,1.9016849451292557,5.3290484152137445,0.8277465410472049,2.129704313092634,2.829644756870847,1.6534442074627484,1.724498063917174,2.228411336598309,2.7887365608217607,1.5592660034773975,2.906651359016673,3.4650889302163916,4.506175887463584,6.137301413222012,2.5338575891351076,0.9875923832641229,4.097506103163136,5.540727435781326,1.5481672884765694,0.3700939009237695,5.597387681726481,3.971164219030672,1.0018805409113507,2.7134817059569523,2.157448258687991,3.1969197125269404,1.4259590204085573,0.9161246259754586,1.39203508079815,2.8830970283756363,1.995933260322407,4.24829097063224,2.7343388249482508,0.30221806709389587,1.0752328527432298,2.0640780138344215,6.155248491561203,2.3416478356226618,4.6592244595060865,2.2856004149848737,5.319552670901741,1.075280174477684,6.1106498681354955,3.37852030027283,3.169073655361247,5.616945780844559,0.4272229333528933,5.5388724864774455,4.73799908075148,5.2778061328745425,1.6950173191636746,4.683390588673904,1.2296355370577825,2.579573569823241,5.62479044033827,3.9843748651127293,0.5137391460049402,5.9196370577372965,3.124809506838308,1.3650461215529626,1.7328913516016322,4.366242055527398,0.3942529278537947,0.7225163056629967,4.4704528722182095,3.370751995248001,1.3760796758968736,5.845304844916553,6.277227190961644,3.917973132131751,1.1713990097782039,3.9589358234790546,5.08155982478743,3.5019513195124876,3.5725758726194474,5.273498857581726,5.7851400798330355,4.006312419453899,0.06738826914388316,5.443617330575902,3.0917967063817082,2.421130034359239,1.7920559161984881,2.7811900867710873,2.4135349706969214,3.6902338010378255,2.691565708375055,4.573438257011655,5.421733946852519,2.0661505218955183,6.256279481143609,4.001965174519118,0.34493188667247704,1.251285096233122,4.624935855260204,4.123922016567207,3.1470625142985926,1.3668350939034568,4.58081829501432,4.127166767582322,1.9851645580931585,4.175672376182881,2.876020645502813,0.6245957065634762,1.7823026989533408,3.7227521555315293,1.1704023855968053,5.393983288765797,1.160158977087965,1.0545549332798716,3.3597269637148135,3.237824109316509,6.126350856911989,0.32596337108624274,3.314441014765483,1.6995818829195726,0.2637968843838716,3.2100617978664543,1.960023346705584,4.601370994064774,5.0936178090579025,5.887120485534099,5.562904770484969,0.9196272118397799,6.0971377649319045,3.517693982144418,1.2469109077768086,3.59996873384053,3.6051230361933815,4.219915189576846,5.5154791787451085,4.9824797655695585,5.353388904345254,2.8738509952657183,4.272501064375103,1.5224185881535661,1.5428877158901737,0.4191396422743785,2.9213270586899474,2.96106550093367,0.22157249352472516,2.0270820114747363,5.252391111661881,4.341263706453687,2.0615391315041034,0.49392265006528197,0.8831273071899641,1.6155711380895128,2.125233977699867,4.363135842401098,4.138086902455235,4.2971039492995695,5.674278844848391,5.318172189366444,2.1668003321794225,1.5535896658259174,2.1161373058249056,0.33347611910403774,0.6505589193378347,3.7759512521540812,1.935168934016869,3.471274266361095,0.04708627066511544,3.6148046878485873,1.9018078913646597,2.8679853167581424,3.2248639252953146,1.3463961629162453,1.2703504807130728,1.836740805344267,2.733084925713166,2.8776736943741565,2.5927537728050214,2.543948984406953,3.6043842208927215,4.968893686523949,3.4156606039153012,1.5255805230646373,0.6269472638937726,4.096176047307439,3.319637937017085,3.661534932248037,2.658039899944678,6.08599668470453,0.7582141111765301,1.3611549185365477,1.1558462526109545,5.159032556257614,2.493989943079727,1.353199815814054,4.176992877327092,5.711874408825261,5.142596872702334,1.3051758142683458,-0.041069470077161496,3.8853859128133066,5.071326472952397,5.64295467698992,3.4989962864532096,3.171164512097738,4.136587216395052,4.092273969539957,3.9700956936197294,3.5411393479012894,5.467856571442648
53,272.9597547054291,-110.75790981528507,2.2921788860578536,3.8120059437538822,3.1009591860681582,4.2956728779345354,2.2558192949809217,6.263951698084858,5.350375514981773,0.5487830716941456,3.3888555554419924,0.988561796646543,0.6035280598727742,0.7505062027570085,0.7948264615747853,3.9235808713188183,0.7541204240487195,4.1808011767645565,3.0068573525889195,5.065949539789978,4.615637461963073,1.9976344784280184,4.694522437204689,4.977174313669878,1.9132526269342731,1.669254083397412,3.3309371784509616,1.968278989056551,4.283705244108282,3.2685894824021617,4.793462651162138,5.566539744302527,1.4895709491765494,3.6760663101336135,1.9234716326028225,2.1903483885975357,3.7652880911248827,0.3311094141157854,2.848159910345769,4.067609726333842,5.764487239275239,5.276687225441054,0.2581494693353527,3.941731644922542,0.26358726357283935,3.4887882251712576,1.504918097977026,2.969769662718092,5.5240581556462045,1.1419757331527207,3.6339351306945873,5.953242976560408,0.5016157144610608,4.325886527384847,1.3419711864344916,4.872531397697603,4.772033593587782,5.277075899481135,4.569649691107907,3.8643839417695784,3.947158901123125,2.0800487914254044,1.2272114957319524,1.521103023034032,4.058099396772999,1.4574867660898927,3.9148685048951024,4.336759685807799,2.028663456622758,0.14173449282827585,0.9429701557723621,1.7830352493915869,2.1923057853163384,0.8311677044235531,5.147027999512343,3.6359881442818796,2.1589209948830503,2.7366179068089904,5.753218097669098,3.442674257112821,3.8520012695052612,3.8434949405521,0.8428310720358708,2.4429051317600083,3.0482631533129485,0.6196619027123954,1.9705086653958814,5.9087614445942185,2.6055213625541076,2.8086233442874606,4.592771623112632,4.276324957650815,1.5066804487202097,3.8227056697543067,1.9441364109573323,4.81418650627455,5.195610309478039,4.719529948823308,2.6858434418441313,5.519628983309324,1.9446002120827672,5.382369442065495,6.077325828689172,2.2976707438541197,5.414957353710185,5.080713958447013,3.307340460633228,5.946970440509504,5.123294840194962,3.558347517353934,0.9857211038117198,2.611239217694731,3.4383159573779882,2.176512651162261,3.4880613448852325,-0.35760331062520617,2.7300030520216376,4.92554949479899,6.094986781034567,0.19662685379403075,3.050179050971924,6.051884470124872,0.4890955040677106,1.559346946302384,4.215107403490934,6.230697816729771,0.6996159414953568,5.510849340614694,3.1552948135211416,2.6589442305797104,1.48026430132781,6.240618856065642,1.1974054210547602,0.6688462903196902,1.4634314905221009,3.537004527054202,0.6381691280483826,0.3395116943953208,2.0956523682604193,3.8420716534216757,3.7649083856502186,1.867004123259975,5.4756086119255,2.895872595801171,4.105529386907468,1.323717063854543,2.8069414740876737,0.4774531516575347,3.2680371741442102,0.30485576303763934,5.14286154619318,4.853759621145928,0.45210668716097385,2.9091126270365657,5.304068086463327,0.21357616455715117,3.7342648421501305,2.4430447451434487,2.262006994535132,3.548553329861713,3.485009028033777,1.7377104704870951,6.131832051226429,4.904686013468622,2.905549038967741,5.646158888223189,0.1434472920751117,5.299262898542788,4.3714541578869675,2.167040949038117,4.7940984896284276,3.9771252730395776,5.82298949042754,0.5586409318292583,5.5256949050314415,2.2361344793806004,4.845384695622363,4.8056505462346175,0.5823231851101296,4.4371036003158775,3.2167239194136013,3.8486956217251587,3.543931821933275,0.056070115356168744,2.0354791285123546,1.8678180671221045,1.6467295729413105,3.882045713135352,1.4880574128235031,3.9020895610402437,4.90633631055719,2.606432090008157,5.181308417208355,4.796282144474401,6.146818843739366,0.41455109446729493,0.559304108611216,1.753455776282341,6.0316238784942104,0.5878678395451709,1.7857356534137332,1.6681415010469816,5.709690990342827,5.303909728359862,2.552304001315437,1.490931108188871,3.3409609435210434,5.719016205395441,1.0302377711937971,1.3587703495068435,2.54754279985265,2.5934232050967405,4.055953849565396,5.511781580439685,2.8506259695765923,3.053827285330912,3.859862405475492,3.940726311279574,4.8059956427984725,1.281570878763604,0.8281658337360682,0.6901275043730788,4.535889491663686,3.0528629861114074,1.9903666412234704,1.1682916506492536,1.1070441860754237
92,777.1260979175568,135.7490738377004,1.0409670219689826,3.098206739501594,3.501568058688637,2.5023887986329862,1.681646101569768,0.5706164208578623,2.1008783851601525,4.691941933596228,1.6946996413416697,5.527009607638315,4.193849955631587,1.931135633355647,3.6096799330920466,6.156288894750557,1.7496613259625564,5.9360912777946195,0.1828096871030648,5.291856965142331,5.080876881018475,4.771875474474896,2.901580837344684,1.576119885997486,0.94578773928233,5.944039547658925,4.285107307766044,1.190663334913135,0.8792731465858791,1.7130611100039992,0.7975064652003593,2.6098858124805777,5.919523840412438,2.675226287883618,5.89882122483344,3.098352763008077,3.118170034520503,1.8774782291362961,5.702068937096823,1.5130326007681372,0.10446665286372263,5.279449015280871,4.643274558157518,6.040091971305735,1.452982923761896,1.1628634286300958,3.5894111867398797,0.6960371034847667,1.8111199254135264,1.272620589051375,2.2684490532297903,2.9570155509585363,0.8420592727927833,0.6766347015826167,2.444652930583662,0.09835343343518656,2.2538398745412866,0.07025031060147058,3.0548904870621945,0.8533931822615396,5.722852602313202,4.416738418215193,4.387188314860384,2.356226374036569,1.9410448098402038,6.090672500188902,0.9398243736702796,4.839700463880045,0.6858618818346532,4.962052673222293,0.6167290784447065,2.8470587929340527,0.5600498936974788,1.089105869398974,2.681606932408212,0.5343674392090303,4.029301494124421,2.0763919769833605,4.7729321406062235,0.19955095092808697,2.879047572152137,0.8346913199431678,3.2493656375423585,2.5590213247615576,4.600848621228484,1.9029901761733965,5.985048942422924,2.200386099317037,2.5611202169441594,3.317382288290059,1.246189961964233,6.1418686635822155,4.0500513887188685,2.1163983289802855,1.0403439123984015,2.5839397341985633,4.2973981974769035,2.813681126806928,5.637000924690302,0.7876059469287859,2.065758594056725,0.4390310526022083,2.7007080697070944,5.456437135577895,2.478125276132236,0.05606801589624169,1.2280183181611601,1.899242325594335,0.7516229503382493,4.626062021919624,2.6005832511625275,2.980917222465306,4.680217638122325,1.4136770730753543,2.959592514115119,1.6425287568168379,4.434989876335624,2.002603201420266,3.8309976799173824,5.514576606076797,1.9652536840073762,2.287856973788049,5.90602777665474,1.359326073137088,5.2998874631194965,1.3161537102524672,5.861530451023073,3.991823055872734,6.079701096275577,3.7496440117034053,4.499266790099143,1.9391325951248972,5.960615184880245,2.9840502082008062,6.205297502830265,2.0159799836938146,2.3199748868402628,0.7026629367880826,0.481100969361982,2.5496299710584833,0.4680477092149449,3.2603137910943167,0.8071543969988758,1.0170065941391793,3.2142960411048755,4.193206283245189,1.7114291825009933,6.165279263483285,0.11896192329297281,2.731468379618756,0.7956283675093565,1.9365598416394123,5.373408125673195,1.9485095938393793,5.2342489470283216,4.792653994927553,5.849809566733679,0.907801216339992,1.935819568157783,1.228046857213816,0.4680846004254881,1.2537543781862075,1.0548965777808557,5.970895243481585,2.0768057532113877,3.248007957593105,1.1879603118310411,3.6968121964610057,3.896998868789656,1.9198294542853755,4.544026795441405,5.767440440013378,0.22213449446389494,3.9252656769387184,3.47406772297915,5.896670761861154,0.5334604829361361,5.984995890641903,2.4281518334715346,4.520254450190667,1.5449560033436995,4.052713637642908,4.987712047899534,4.2497810191526835,5.8591039366242414,0.38831525045339715,4.433845303319677,1.1660947910988455,3.9409623392483133,5.862870532845759,3.0108419897463503,2.1686670850969394,2.760277718722566,5.9937127904288685,0.6166594431808686,0.7740548341106906,0.9540673355260427,3.9690707296961363,1.8513367272456058,3.591547916729745,2.853701725107302,2.675418650737295,0.7694654845820791,0.7048181274551626,5.1274959438506755,5.632592372488574,0.9693983706729458,4.335365222041895,0.9173218137627636,4.307557176006207,3.1991978004461834,5.3116782701229655,4.791303996702143,2.8740071462283896,5.561650019184954,3.2023656510360365,3.048614896087982,2.388281378316198,1.854884399428744,4.931593744639078,5.5827600452414945,3.265056568369333,3.0709020075772733,4.6631342957219895,3.111353909673351,2.4143268578029202,0.9255713705696316
52,337.7611331939697,-103.76480853096388,1.3216604846856161,3.959268260510429,4.335243021708571,0.803023907503758,4.216888912148964,6.08379595490432,0.8590188157028734,2.0176783402478207,0.3331716004917853,3.3308773088157846,4.925803825158631,4.141053376839508,2.9297479175032826,6.032317219573466,0.6047321212046514,0.5331508818451935,2.2784043883474956,1.8539799420892855,3.9688165748161346,3.4945084812928053,0.219854244059895,2.7535502673233854,1.0247754720565136,2.0718781984767176,5.062509686743088,2.425326231836591,0.43760423447728497,3.4465493930845454,3.55026998469145,0.3203926424773926,5.300551831277938,5.489168953323275,0.6571941905953477,-0.033602535486926134,0.21354355699074132,5.614560271227727,0.3774407090355241,3.7500037585628396,2.733299586353758,2.122232720756934,5.863624501995133,5.394643594705916,4.740689605411766,1.4601571692472801,5.332612929294408,1.5506122930297181,0.4819309579120929,1.2850921107791873,0.34307652270220634,5.237249256797085,1.0928311704533666,5.59498848942204,1.9917392724284084,2.2197368032780864,1.3143116333884368,2.583143044022149,2.9410819367259715,5.145772918580444,1.3740328685738386,1.0164762506350313,1.2180856451899982,4.241718867917271,1.0662703707068573,6.051327544231111,1.9328152396828828,4.219764443373489,3.830054277745146,0.8271332287119362,4.037618515697681,0.6088468604430071,2.7478556141257444,0.2575544700723949,4.2465270113589675,4.063843638887495,2.2318359709217748,2.7953290659751358,0.6129715201211559,1.4567668195862191,4.844321977289406,5.731362324276581,3.3419909629505846,2.750969532316102,1.3460286768215495,5.917154890633996,0.4353093838738651,1.0832086324785066,5.436118522694086,3.7183809241574166,4.476114068767262,2.2852971473904313,0.2633198889982858,4.992780540229913,1.2579456355112695,4.8149196832661385,4.074749603819558,4.027940315262209,3.9372135990772668,0.031275424433044666,2.0142425368856833,3.8154056861354713,4.218941850887471,4.990106349717273,0.5857900186216422,3.590626654395154,6.166792318490951,3.788601972089986,4.593203770508572,4.958382314150529,4.903790681424662,1.7062513501593273,1.5421374433672579,2.0106409148507827,2.2328548155512116,5.18416752252087,4.103866744005095,3.6264199912961925,4.029581119883927,5.535894992669056,3.2312628314786886,1.17902018025304,0.9952851459645629,5.344686525008805,3.5337435633977514,0.6695326163620646,5.9886083231753835,4.9196310136603,1.0120516363216903,5.740559281580308,5.919472855913757,5.544920346807603,5.486451138119131,3.3453562850114427,0.4268619894814811,1.3796092065057606,2.588142467710143,3.339909859690015,4.735208242764089,0.5605506688420896,2.123500781061556,4.7885681263389825,5.674790821681491,1.134124313799583,3.8008756613338823,0.5085344658936691,4.123210865132692,6.26928163158168,1.5333274026264323,0.6844913924193234,4.200848999270481,4.4204887757439835,2.630931282228376,2.187677665200958,1.5874080945266198,2.4041468555618293,1.194375165659213,0.29770236190634847,3.468653911335089,2.8735653811703625,3.6567569558612676,2.37400933328461,4.365848312503776,3.5589747685118875,-0.153643514847893,3.434327345363629,1.4196593491562792,4.16434817697419,2.3811037710378242,0.44383245856192477,3.9744804687257265,5.162524900366435,1.0619867584329312,5.6620502961077745,2.596746739505876,6.303607671187936,0.612552220460252,5.145851939322239,3.880870034657136,2.8588655209598817,2.9188256670511326,4.012680530220517,4.7339971796558,3.029001341712985,4.1184015641425376,1.1043553980249305,2.370112404352154,2.7224250000963566,6.1927347513854425,2.799257215624025,6.223439580917084,5.039140537467883,4.1984273797664695,5.367846298236134,3.4627615956878586,0.6601958692321991,6.169250022750185,2.2172593566983676,3.689637105289459,0.76691639208787,0.23390404671590234,5.714408610355356,3.94367327272352,1.4430958325719987,0.6426600901488384,1.2401035859393141,-0.08751964272921613,0.8089130789907611,4.405446816017274,6.067550544042613,0.9005237997034925,3.8302540129930436,3.81355081371383,3.1099179714688483,4.937668668765544,2.757515227866106,3.670146127112859,5.178964467130189,2.0661363863510083,0.9459407434525188,2.8752020292047553,2.5705073316414837,4.4117167649594435,0.6736604764852823,6.110601197046451,0.602572865821542,2.996151271257634
51,197.45457768440247,-114.3632448965405,6.089392040864834,2.960263426887717,2.271147425966273,5.114434518612574,0.7510107586028305,3.7004983486233236,5.163409214947114,3.640904958851379,2.4778492829549776,4.689923820466398,5.353388346941308,5.850808409041273,3.7453289253620956,1.7372359076302584,0.968924680993745,5.901926707899031,0.3599570766921875,2.929476039263142,4.710066404261196,4.398437246135308,3.891186813379436,4.418258558697013,5.287965393131252,5.101907830995655,1.8572014478299526,1.3035828609334066,1.9640188826275113,4.010257682088631,3.4632402353125573,5.41137943264781,3.734426448340082,5.1126432840449,4.517850450067271,5.89107619203248,2.919678277538004,3.871041239835117,2.995177913446828,5.158980558499232,4.459666542384664,3.1617291790390225,0.1893018672288669,0.18688479805171035,5.469526882338577,3.4302767507305636,5.134291140224792,3.4861157777266554,6.203592573559981,2.5294514001729422,3.4017225620054496,3.542339086399695,6.165256169432877,5.120893146488536,5.057231884946201,4.723895502140449,4.326528818966048,4.2091998405305615,2.3035901972633197,1.668119821037843,0.18465870289541442,0.7917708011044301,1.2131050225392237,4.005677642818801,5.676952161232189,1.274807844601489,5.448081587246765,6.076115312250698,2.683627124376657,1.848940390363521,0.38561909621363966,2.012450700989255,3.8411114477124717,0.3956713101292992,0.10810573340079017,2.248341088923983,4.010736256949622,3.425887769099079,6.145005927686138,1.7628270164522257,5.034610389545375,1.0914662599902796,0.04406314190391589,2.6955203093766706,2.8840530024984874,5.290817099786344,4.549316866810894,3.7433895838598477,3.3981309865396674,3.663608322869602,1.062855716776168,5.815489890380686,3.3738955595316926,4.64640948347089,3.7711961412249817,4.497135765431053,5.480061234162654,0.12948503891572918,4.0311076250780795,1.594301095420302,1.8842343293875954,3.462552509849573,3.426917519800347,2.019944324614735,2.7404637703515515,0.005667684927669425,0.41307562914742657,1.310193407919411,5.851362258890844,3.855917081062561,0.9058786140912546,3.246748494091627,4.263076357983948,5.83684844098973,2.8999188956276094,5.185709571413379,5.407894518655606,0.8011472035526502,1.827460561678685,1.7244822721204642,4.461696007956041,2.153117013610604,5.4794719572835815,0.4221982091036514,6.2453335475023355,1.042105996298078,1.5174616596956096,3.3414339438561727,0.03032868738052306,4.03110818715412,4.4504658399807395,4.289631537443086,4.617232665128593,3.3230422363439316,4.207689588360669,3.7165620804933726,4.358080695967303,4.7779477108925095,1.2256151082104736,3.7975450593526117,1.9834801538760853,3.5327884255123743,0.5274418570103885,2.01584687327032,4.640701176750462,5.160535357446197,3.1425635992826737,4.79016330072159,2.7457882988801656,1.045565576883729,4.028324525305698,2.694288019389197,1.003839171463573,0.7607107412402323,2.5184170359180147,2.2470099652001467,2.641482902063864,2.302508469468375,2.2331731855795347,1.6607951630269038,0.5122221102373924,2.5062227902558774,2.2942580609012837,2.207369703565365,4.757857728784294,3.3323110959054216,5.879107439781255,6.110143527940147,1.6530353714454513,3.9026024602697933,1.3374172968793894,1.763601126911876,2.612142132816617,2.3919527230528774,4.173390083227205,3.702467539866489,2.22954263982543,1.5100394700784916,1.1504052513972123,3.3492782862435533,0.07871034780078483,2.4647074049167768,5.983713269871343,2.9014128967904003,1.4859327209609239,2.773724594175125,5.885123718281117,4.19020301740472,2.981909235812319,4.612837913245826,1.089368160685083,4.318294901176275,2.322232761743864,0.6211968308357337,1.633688881043821,0.7530898611145392,3.7198344086365225,1.2674149467095224,0.8776884802960558,3.304607030624823,2.642734201858539,0.2224935955175172,4.802943684984422,2.990462988161387,5.394449578815039,1.576458666365605,5.564630614429343,1.8147490560472654,3.1777591550187037,5.576381628626163,6.155124117816395,4.964138816592042,1.0691094345718772,5.1774700081342,3.994803635527646,2.645863247930104,2.621038763887876,3.503075424559966,1.6349099294129608,0.5637334651687618,1.3586315425633058,5.381627910067986,2.5235855295286957,5.58842906653319,1.284585562534912,4.885884461250004,2.8785854162626294
91,357.6760811805725,14.241969356875018,4.8342595233029355,2.2690494610228154,0.7048643814173098,2.356337837170778,3.3405589284503843,4.865622754986015,2.853605669592253,5.203350762550976,5.3868928779144385,3.672751353978521,0.11180171278078035,2.6359600621306223,4.27956091876221,4.043732013231202,5.174707272436416,4.907082605060823,3.563125178075952,0.32432287945530697,0.3603839698015667,0.1918461561210172,1.2427042766942447,3.999092643740255,0.9562539398467347,3.5362451050847716,3.2155253270874087,1.2303769491098562,6.029625305042343,0.5955281715974184,1.4029694690415055,1.8180392493431639,3.9388729608566257,3.182185433156008,3.544427462835801,4.3103107488181,2.2423098153522445,4.552545244484065,1.1237225151535968,2.7088512156061295,1.0935400443730232,2.892186901990988,1.84554342047642,0.02435892998133066,1.1029747658345987,0.15724937931333063,1.409533906173642,6.022548219175399,1.2482944362449666,2.5415191360196716,2.219088091097776,3.1026934886739546,0.6200614585974804,2.005618333615747,1.9099329677919936,3.824360170998925,4.002613661734751,0.9908566818462596,2.3499145708571336,1.9742928356252016,1.5485429757043532,5.739252745210861,0.8649321665514393,2.8554768117813256,1.6439129906766892,3.2419214816345283,2.330608741165787,5.3401840786436585,0.9198579998579669,4.145424361777595,4.164537712744271,1.511319350923047,1.9941739703033532,2.1547708230121883,0.0764217609818244,3.1984606252725096,1.8611694160364038,0.6674629826905147,4.390594051721887,2.710946769517817,2.0341195609118428,5.422148163362412,3.271964914671871,4.742458745083778,1.2520481081632457,5.9738128636430075,4.975200004189788,6.242983954743567,0.42697677510809867,2.512426062534687,2.354762374886923,2.574786222562645,2.6733662535597675,0.19612004515893605,4.157373405811596,5.689899058313607,4.8577747625510375,2.979372295723883,3.3272128403096364,1.7089807910515569,2.154799413997927,0.7046272602873215,1.5387421841886193,4.966807039126695,3.2680720168981625,1.9048156344114842,4.816725743597052,3.2128107026630603,6.233016678723244,5.233499278942873,4.710079145765816,4.330642151072519,5.614074514802045,3.2205818361956084,1.2457605590015401,5.989943663675374,6.2760058763356055,4.187166008219583,5.4150645318913195,6.0794202492212674,2.6051616391305195,6.195761555435296,1.3033118707914766,5.423872704025118,4.249422884552668,5.56418045242441,5.439891042108163,3.5851530104305342,4.313126251878408,3.6630782984652304,3.1422935932652853,4.413299839062515,4.510128137910181,5.770453331436962,1.8697083121618612,5.49077617630162,5.054319870230954,3.1381402582773887,3.811891555824005,3.9537236003375935,3.6339234999056136,3.047104843123679,4.146980459884667,4.609056794854104,5.093471360265884,1.4601900476986125,3.1677662930301165,4.672184264057334,0.3069606443519195,3.591741639605436,2.0212695777757004,0.11021862000831276,4.658446131196262,5.8682629149942676,2.677950078092965,3.0722702612985726,4.212417865181648,2.1664168159813717,2.5758691838042274,3.880652631548081,5.4086074217042075,5.8251703088691,4.7861952949136155,0.15168148524077582,5.46778160379563,1.3699496272188099,2.152703185620974,5.367171071626668,2.187428827534354,3.6959914751403242,0.6816245790008864,0.38883406094813455,0.03897487767696685,5.742809615061948,4.742672456980644,3.7202395326553512,0.10657502387548341,3.1232544258855484,3.591458913834384,4.29155657620934,3.2636577334217574,5.767840264033483,0.6679153473263435,6.19005294288891,6.161432551224789,1.8667660314658052,4.689906706720114,4.030205109374977,3.6696111409451007,2.4511399672005543,3.4641397448254074,5.4486492278382475,0.5421218045927425,0.04748937776673982,4.027996378960458,5.705662270015906,4.399968567846865,3.727286386647357,1.1779927561512809,4.884041664142377,1.508887147845156,1.013076961716931,3.600969603654591,4.010322321552248,0.705320023836229,0.21873452330042462,5.1827092043666605,3.6100331472390836,3.7272154405492146,4.81405435730913,4.774754281429593,2.5579943914161203,3.0884685773682157,4.242212965142299,1.58473369144304,0.5938352368089524,2.412458833188763,3.4597534228072693,0.09554662776644193,5.481595755926706,4.163366538207506,2.3893359972412673,3.9206356557344364,1.910752414434014,3.6587833093823128,0.9108241066786862,3.1398163171623503
50,196.26557087898254,-108.14652188518232,4.899713293681006,0.8309927571373875,5.715639872953466,0.4566788344901335,6.165888707450107,6.231645424160709,0.4191019948572023,0.058197520594832,2.682613177159805,4.368223915629752,4.56154268152043,2.4821966203055483,2.39958511112482,5.658560268575323,1.426455091065368,3.2808622600935733,5.793655409952438,3.208120249117556,1.824591451151649,1.6367707351211274,6.072043736270317,0.7301541371941764,0.924128672034385,1.1674185110871282,2.2783222894387074,5.541109486630381,0.08648295900146517,2.7421969588743496,4.561827763330367,4.50875558039691,1.6550283566681165,2.8353949190495804,4.048028444047163,0.866200470511448,3.286069628584078,0.7883836000403294,3.9488146098387693,3.2598900312110817,5.443893816126298,2.282849058476107,1.596135407742661,4.77980714187344,3.196993472172924,2.8587903115630664,0.2265144290054993,0.5233333849410295,3.95976641701733,2.5600615587726616,1.0882748136682292,1.1007482743589645,1.1953591829146548,0.13861994782111042,5.482179651595095,0.5637907695420457,4.887824900126943,0.9036503394273459,1.4162944694338269,5.085360345650202,0.4868317481422188,5.738371997531704,4.772824732933086,2.2334507510656874,1.2459320664039137,0.5959058761801023,1.9459441017176693,2.007165611965854,1.9348107418151979,2.303927435621929,2.6061729387239163,5.737260709624705,2.364755792857666,3.4675092127924807,1.0260770495931644,1.9882008880997388,1.4312500900540512,2.2643307846677816,1.146112966116286,4.171246300687935,4.352981328307971,3.8911054286342175,3.7984501873958463,3.949702689687427,1.4261099843297362,5.666090255850876,1.4830085526785464,1.3166561761551505,0.7005345173720169,4.724190637291565,5.711240933828472,2.155455814094402,0.7930380749236233,3.2889804240832547,5.190585444052366,0.6787447867818365,1.366090313458062,2.5124488820680813,4.658837618753621,3.8504075043765527,2.5331387423202063,4.071978725441076,3.043974829397,5.264883941306548,6.03471914873606,5.601389116146765,0.8895718644923851,0.9539375430109938,4.2406744714917535,5.848328142199347,2.8538668405445256,4.639036621892941,6.085746276805544,0.27399623902966924,5.984150662281753,2.031377010610928,4.2726621619743765,1.3913814696873283,3.851709201950863,5.15515078079517,3.8667412857718753,0.8681358973786247,1.072276074646187,3.5267600950261917,4.743828804083739,5.734953325643112,2.934655229177125,2.573179064661763,3.0174589641856544,1.544311741523642,1.5729059019206022,1.0735389191977243,5.8594051250588475,5.217502477876512,4.855486094653035,5.1187511790138185,1.1781125898934608,1.953075929324537,6.227191975388903,3.4359623407327744,1.9897744905933916,1.3120652458138855,4.32789244305568,3.648876970114015,5.880589653478689,0.7253241013250389,3.9413663739937825,5.699444856931946,5.297688284503354,4.659548837535436,2.721287097350638,0.4647115648638935,0.733025267468027,2.2837537376415415,4.125267552337781,6.033464587652227,2.0395576936564996,6.008898075104238,4.364291469243828,5.368044514516279,0.4825736214385193,3.4319210222543446,3.9600327463414438,1.772610495604359,2.245770029755478,5.961643901263995,4.713394507072506,1.4303426883416877,5.615740186468667,5.333488023359322,0.12311851363772541,0.4006793767700648,4.60569048619377,2.402827600259533,5.512006390742889,2.3513800335303343,1.236790671072261,5.0085614212828435,5.3356489813319365,1.0929363210364549,3.6255641183596485,2.7037583731227577,1.765530062582103,0.5810126481569992,4.125341978338907,2.6035983644245664,2.722255926568644,0.3438255328732931,2.8242678915504165,4.648816393424457,0.8938621170544488,0.09042182575192377,1.9057140573042575,2.856458767783104,5.267038379736153,1.4513989697814562,1.31823520225766,3.006416524496056,2.58868777277587,0.7723055147387254,2.970124948609335,2.5515678805948636,0.5913850062984026,2.5440827015592267,5.624397358009434,0.9457081923025494,5.814796916360884,4.8334605550575755,2.7823265761984324,4.425171916389664,1.3141159736563373,2.2261807901931996,0.24458439876799304,5.533558117666978,5.577141223334493,0.6809302889415897,2.8287364963575525,1.6444923088962022,4.73230108260009,1.8881681227508795,2.249235905288116,1.2123858422998413,5.6095414605399805,3.750541299682276,4.8849115955912215,0.20681217802842067,1.649326934810117
49,195.19051718711853,-101.81289306588877,2.302094542963986,5.7168677726198,0.9436894099854021,4.464480270657274,0.6964548313942693,4.776828529580896,2.298039066323746,0.13243998921344144,3.719474844741434,0.9062629960284673,3.4242247762223603,4.030428803042953,0.496028465228367,1.8447423281047344,3.31879749963769,1.39055568342481,3.8228314635365823,5.525860214716682,3.2839088447741847,1.125996621140921,1.8508540266687903,2.704143204605972,3.5667400040506236,2.1780622056433563,6.078583933012271,2.471261314337678,6.159323972180603,0.5619308854510985,0.3570553513357495,0.8000841114603072,1.1467252312881944,5.129425719998988,5.3125667514919375,4.268237938421624,0.39265390659819477,5.390673582879197,1.4898983885976191,4.859682851258844,3.3948469150663314,1.7638493166486746,1.6460514972501905,5.286309086459791,2.800279875748509,3.959315466913858,4.1424964513117875,2.4927380515386157,4.267095831479102,0.607624142937023,0.1465347582406698,1.557783447347204,0.3274201442520447,1.7239146622710422,0.8483262611145914,6.048426268977216,3.162859020324084,1.6547897980538628,1.4356698841592075,0.21037656320393436,1.250490773534749,0.36931568367239437,4.424928201317306,5.129522119332648,1.3700441462663249,5.523386897421511,2.6169193049614616,4.813367126427676,3.9597774048218524,4.292249012102003,5.816917928489875,3.2041590938610005,5.487329961349203,0.8921929556986322,0.3223763724168631,1.1063433796485493,4.513849896275636,5.427839462411253,5.285984148186352,1.063853862579295,4.595565807122219,4.151184274365192,0.08384443841013574,1.258339550694817,4.99843108160695,4.1227688467008194,1.0717648161089528,6.148086035915975,1.035152804344059,3.696744057356053,4.191055393254161,2.2346637928895223,1.2173732230166392,2.7616697150753735,3.575155463437652,3.318543486912659,3.877968965722213,2.8445255593102936,5.307758069785883,3.6210574999235665,1.6061010932540394,5.465578880951116,2.834346123195485,3.2805755270955657,3.917140920906178,5.174780963415835,0.8194871644597956,2.4519549365663673,0.07458975651565343,4.921398330881001,6.14706830765372,2.2015745775830293,0.6260697681254737,4.749239820643921,3.0178124505756583,5.4947442566914875,3.952891059926221,0.6930058277950525,3.422206904785959,4.064871966658804,5.005716523607725,1.5985292186823152,2.98923526201711,6.144809098237764,4.5798333650129335,3.3511755134348475,0.702469758059525,2.4732648208736943,3.5630148663727415,3.3065690369257528,0.721078134397003,1.3342936643533352,5.673950063845584,2.9624275151429567,1.1498113867371322,3.998569229273811,2.457038656057672,2.3223571184840144,5.495565018538967,6.218095695192071,4.7818967484922945,2.5022783516977767,3.8775776493553757,1.4067121284310051,2.053829668164361,5.0355888287200825,5.494501575038092,5.346283865385477,0.489229497738305,4.17001318648622,0.26404738277097367,1.2398588501135177,2.720590273490919,2.978433500280064,3.785855977601392,0.9748638275171216,3.3387965068466166,4.742811188959242,1.6851873517393523,3.0893825524917427,4.64385204926104,1.9107835613520547,0.9627606556320253,4.470769117498493,4.662334052951204,0.3408880333674973,4.610313024414869,0.3956384000673448,0.8387495335038866,5.397750186876505,2.0620197028952103,0.5720944040739526,4.2004016597869525,0.8849176649508066,5.930443876225918,2.9490292241936467,5.78624561997946,5.820782042769856,1.5464996005409721,5.790453173417943,5.853145029686493,0.6793057279917516,0.6387421185795271,5.348542553140338,4.222754764970634,3.1787059854677784,5.010347681364596,2.339904319731352,4.288405130347983,6.270943749186429,0.8422435699298996,3.2562636945612504,1.1428979614577042,2.614898985756829,0.050187818857612546,1.70248972747923,0.5028786345971987,0.22578034011850115,1.7092374799989896,1.5963625741651004,5.3439952367938215,2.569773096059585,1.1214798339450964,1.4825634045391332,3.543327000188716,1.9421590634892754,0.3953786330032532,2.5058504459455726,1.026808372215807,3.1074303674703754,1.3168589592046855,6.063088726425605,2.9763979441343924,1.8239825663218499,3.989123689704111,1.88034287854096,4.949059887082472,3.7396505298751825,2.078541071521731,3.4507621474364494,1.6023403799881322,4.465559869468636,0.33752066364794986,0.17353020020715917,3.7158824468803693,3.9280654888258857,3.298205323728488
48,188.05739378929138,-102.39583718830227,4.038101524515503,2.5595554535522855,3.397199677756451,2.982101029280864,5.0515246099141775,4.798092534241525,6.1041266426325365,1.7318041876144852,5.064907282855122,3.7634647978770595,6.146362319694411,0.578691594020367,3.8037008091486686,1.5847344605619937,5.750318426087786,0.9204993607898263,2.592309568594948,0.8406167284825885,1.2061791109577797,1.6292547718092998,2.4651238909301347,2.9630969840866603,1.7546944626718217,2.049568876061109,2.2689402039029027,3.827688412196283,4.118118201483381,2.6846838176116017,5.469283194294581,1.5515433744244582,0.6701551821315387,4.397200254359442,5.648946373372766,6.152491878083817,1.9598254397092052,5.579855143834063,3.8129076042386654,4.166962062893943,2.4661213010887675,0.7210180505616375,5.692826364875034,4.347524898284928,2.740588772384163,3.8922245539150766,1.2203242323541512,1.7859562259386008,5.713717705777268,6.020302672408891,3.6290915183279,0.38514187011004414,1.1929028913212216,0.569773456317648,5.003976206719879,1.272329743116291,2.455528657706946,6.180262516386615,0.30819791587847895,0.5715715872494114,3.207938019000803,0.26797387012593427,2.844815913269029,5.772281166019722,5.47146683001251,5.319822519977861,2.301088579299508,2.5412935063285342,1.426645576878471,0.23758588474661688,3.913180102433103,2.2769664835677905,2.3321329941944016,5.962986520216463,5.172329511009966,0.11977442207725637,4.239834253648631,2.114745893805273,4.003912558558053,2.701171433621373,0.5589313636824382,2.3535481652722865,2.564552533262435,4.73696912479231,4.983921409361922,5.168080719710615,5.357838729542188,1.456136044651947,1.6294845957047872,0.9082699122686935,1.2340080525498613,0.2085039024040051,3.1295708341754045,3.667273280963996,6.181716582546098,1.1295055437265662,5.015674577860099,4.503069848123089,0.8194838748548317,2.2641078057635955,5.93314289573197,4.014703708321965,0.9135459082971207,1.8132218685256865,4.5027965106333205,4.788064965721245,6.282795469975612,1.9817667709930518,5.915732990577617,4.6357559821435,0.6731693187993106,2.629539337843216,5.334874309193552,1.127714869358968,1.7853815952918013,3.977782767601804,1.7422244255724544,1.7329886062029605,5.317166783637781,1.790583085679755,6.16526677057043,5.306400565287863,5.4090664694785335,5.877642170110555,5.924316025076716,3.8195432170987327,5.143957869031444,1.0700714091879766,1.4568606488348212,4.251374961402551,3.650479829860911,4.041443010822008,0.6067837813943007,6.084603615738558,4.251225785798834,3.468448090441623,5.810751670414605,0.9389536100943363,6.143957148656017,0.0011323143979940881,0.23650380503615429,4.600646707889695,3.214922365218466,2.159661452347914,0.19303963237262245,2.8106155518798976,1.8583091732263883,5.970844353366271,3.7827218862734355,3.6253955542667735,0.3100734389516589,0.7816101994873129,5.384410357381127,0.3607222044309268,1.1884108661621546,5.122447956773671,1.9872210231554874,2.8768445851083135,2.8192095646133035,3.7750504060972125,2.632436158488416,5.031064219404939,0.8984444856047888,3.105527684665038,2.7083106088204296,0.7636801599359937,0.8403511870000562,5.279401126871514,1.9908957087767523,2.7867874477036882,5.686584361440336,5.386547268794981,1.3151418710503748,3.3673524823118894,6.217986538403383,3.3654081665865654,4.634902096168471,2.703342362279518,3.064765463930343,2.8603424734692724,5.299294913150897,1.3152926531673093,1.0863726649897156,5.847060793969584,4.714629683046508,4.66192659748232,2.1919354371013777,2.467157194598626,0.7171307210706177,3.4961574146100833,4.134241216737921,4.839074925342365,2.2751539297083014,0.4800124882430237,0.37713747517289975,3.963351629914772,5.271089048646802,1.6883973401298396,3.1083034000005707,5.132776644774371,1.7810027914216688,1.0598599622215221,0.3088906251606793,4.56236797514747,1.8821342406377455,1.4459852212942672,0.9349783826148858,4.882185887910468,5.42904248051582,1.6580112243061562,1.4915801629585272,6.112091162319819,0.28383586118257664,1.3377845449494707,1.9868788362746936,3.902150034928768,3.926751331597036,6.169206804339049,4.008299289778221,1.1835690506438925,5.942367297964051,4.530891288854359,2.4049829019778333,4.99046544708668,0.19567176154815136,5.616559698370448,1.3326874636093042
90,778.6222221851349,175.19895331316718,5.597597638008463,5.37341598699493,4.385958745201457,5.46550479858193,3.8662866073418924,3.42628567100625,3.462138900267408,4.081664112294394,3.543181424359005,0.6905026161531128,3.955278827682994,1.18175010372988,0.9516783743336928,2.4268073416606777,4.613904991969677,4.6834331514391065,0.4710849803256805,1.4849485042521724,0.46811098289457925,5.818197423765751,3.34466130104688,2.573808855003347,5.072433830231631,5.699135907307991,3.3489721658827705,3.610329534964602,2.311157301750604,0.7189273372903173,0.2907559112795529,2.7694935253175177,5.443591796979969,4.88809709773523,0.41783767153785467,2.2949563819857466,3.3470315166863,4.520684104752662,0.525540069465102,1.544472435215105,6.049832937342815,5.542771735119732,1.1258656219004117,3.7822809471287977,3.2361061599130543,0.8810652124481483,2.3822850683549777,0.8744843697571165,6.188169511838381,2.311868466149268,3.489725961826373,5.4209301143748005,4.5303148788357515,6.199161750579166,4.426910541346349,6.0364793854074215,0.5728117579610269,2.1901611660128033,0.44175340537698826,2.4799061690572715,0.9467533647382254,1.2271025941716422,2.212303364630594,3.753836214671688,1.699363925597201,2.9012422267166387,1.3976707101312216,0.18799260774169818,4.079577385872329,0.09519746006098558,1.9717749688002522,4.217344620262759,0.5854791971811767,2.000210225923075,0.9229710895133344,1.4534654064311416,2.4639640070753948,3.042662687018428,4.236224648184429,1.728461923328318,1.0564438374518887,4.334722626871273,3.251534875701608,2.503872528217829,3.811239569027343,2.4766934353340395,0.4736805694213838,3.161825986001189,0.4645710830914853,5.547237543482467,3.5440313468068183,6.038264447679769,3.786445472474547,2.069377093229745,5.781208486996549,0.38362208905952355,4.674282938222149,4.772223333372993,4.3127252636187725,3.133836255535769,0.1648467292342179,5.291958036854624,0.07505011097073644,4.301484601390746,3.2031131754987925,3.5564271673974117,4.108112616819062,3.445179431146274,1.3815661957340732,4.9040845463184946,0.4679407814900635,2.6950092689000025,6.2051996984193645,1.5364835409085988,3.517338918595076,0.686951641768266,4.247062331276381,2.4248903616531843,4.550120994352691,2.7426621209144924,3.3458222855784183,0.5328339119852286,4.967419743962423,4.9928857305736924,4.530490076807871,2.9452939280451256,1.611497989224011,4.658330738811342,5.400687540968405,2.4214562891487477,2.799487821328413,0.45490252216446686,2.5631317130885916,1.8059976519215344,5.2100803440008265,5.635749331821381,4.9769144749238805,3.301587830905806,4.962388011752856,4.958977760663215,2.3665208206972213,0.26480632815675786,5.753421795345531,1.0475290805101782,1.978858905444259,3.552346259219318,0.7882464668827648,2.127543605998297,4.985074669308284,6.235223991611158,4.881898148973213,2.1329243986417823,1.4522397023893363,5.626315007983061,1.7906129534075308,3.0446774441023274,1.6780404927957686,0.4065724197976246,4.429043474647894,5.7477865314620304,6.234005827427617,3.1983441209009325,4.830854166819874,5.214581571740342,0.4247225917463217,5.750163129390489,1.6331651062246673,4.74929695930189,2.6339585111761035,2.7734857620119926,4.457014054241685,4.717741042925831,4.274345907515327,5.139902698060273,3.3333531276291537,4.1720826692030695,1.5244352052868186,3.687697239471314,2.533769264584981,3.3697160770864936,2.1056333066934827,0.23497501085785846,2.1735323076011643,2.7734264983320385,2.4901724139333354,3.7648623354583055,3.4024280931294935,3.0724893337179973,1.658915994759958,5.7663491074970965,4.953807663932598,6.066199027547888,4.885105256876426,3.712211776725848,5.768310870529922,0.2092059546020168,4.406360285762299,1.4846349040485856,1.9061451907927969,3.6436672053159134,0.346429858915479,0.05871068293101587,3.445924127449415,4.262313554280547,3.1044374113179725,2.4910895894401652,5.434616932972291,2.8968470323782394,3.3489775617505444,5.434720083135963,5.531832493860748,2.2839951313688256,3.991860531459469,3.6123311360833195,4.119230084537771,2.3252995847246747,5.33525133180018,1.867458047415981,3.455923881108354,3.1536194783240545,5.816178652575318,2.273908987362173,0.6553559891583436,2.5033569604944352,2.786411683906484,0.8879545174132367,4.39053716295388
47,478.85114669799805,-116.83047140731593,5.62658335168036,6.244671342798353,4.5195178611426865,2.665654109158427,0.8402841861105967,0.4191454392523219,4.474032751645607,0.3961588424433581,1.3692777047616935,4.718937036781448,1.8379795817942006,2.2763697834307344,2.570347905493265,5.605152736857897,1.178096970654542,3.807087234016319,1.292587986251828,2.850362771554895,2.493904097924209,3.61305236548675,2.2459910657464777,3.667232241543848,4.649329163725721,4.770206022922944,0.6417804188675301,4.370533022733035,4.69400314543219,0.994723417789915,5.4930710621963925,4.995136487613504,1.0449504974522092,4.035324172893258,5.182129809726054,4.353451668518401,6.266066272453687,0.27034644036045385,0.5946792729810123,4.2095353372059146,1.395207899235562,4.462074247148304,0.2507525314685809,1.4958328347241376,1.8612990539334373,5.625185471962691,4.087468004418649,1.5417905165362167,3.5921544974857964,4.50966526065402,0.8051931876100165,1.5278923646708829,1.123848363921008,5.078074498653201,3.022881753592425,4.607541912260795,0.44868660932945675,1.2611293313591867,0.8226714070713681,3.74635816321419,4.659359819212937,5.491112170964961,1.858164763153627,0.2885328218055149,3.8502393374490262,1.3912810457990685,5.286388530952545,6.263079439003156,3.233631431498089,0.3156196181740557,0.1385084800907692,5.4614196466847815,2.9398975580248417,3.117533386798511,3.100095302576509,0.014962837923324215,2.681725651781664,6.1715838140868,1.8753818048039221,4.231914655550118,0.4695632309737489,5.61545540525117,2.832301695526471,2.841906469111869,4.560650150176191,6.067411235768485,2.215357210358423,0.46598228858742036,2.0278840125647983,2.921114471972476,4.609661428713786,1.6655568660334288,1.7941732032295368,4.204238137071168,1.0585542522928642,2.129815511214062,3.5274287646182354,2.169563755600282,5.606446922309914,3.238817548543721,0.11837988370993115,3.1449541266212138,5.839971359640209,3.1313194735840204,1.2278856952873303,5.860595211606165,0.9110520887509761,2.1158957688856215,0.37694957310737914,3.1555725614257977,3.190700183173408,0.27088156323959195,2.3559123975818252,3.4587211741194483,2.559145663696536,1.9721942817805145,3.439142864125357,2.472171605174837,3.9717215331030205,0.6816749001843422,0.6708062754644153,6.2227399580527445,1.9234537851328384,3.9440242843643722,1.1648015663641689,1.6466508161420266,5.639985848763933,3.857722359257145,6.137204841688602,5.857149920435436,4.4876253118503255,5.441233775507309,4.779419728121233,1.7871542801603912,4.092573539290722,2.719893292419253,4.940030816414623,3.7727053122467638,6.2521148217350415,2.113501126044309,3.6370820987565042,2.814624356082254,5.3366252897628135,3.671476430473483,1.0005765707138556,4.144786478090045,4.971371921169382,1.2639052856998012,3.170020303787578,2.5270249387655928,3.0209988002826336,4.860578479022305,3.520303951822417,1.818556966675361,4.103248548909375,3.9089111507432057,6.171677920807735,4.78159640648102,-0.014580809937957545,4.066338079339992,5.408635118639303,6.152853742336584,1.3242760991625664,6.053056616168755,2.2232083967306218,0.4082278286065453,4.357077501379739,3.986975172067885,1.6464233034164402,6.208197770268994,0.5548436313161468,4.124382805215052,2.524724656769879,0.45040809165965934,0.6556789217304693,3.754190676459788,1.7816526395783199,3.7329429122779807,0.19133556866713103,2.5720363591349553,6.149865758496436,4.550405356684971,0.6313549603565104,3.7864875149998336,4.403075466133363,0.5620099796744807,2.7155512670170676,3.6727428890034504,3.1818770198908375,3.2228108697598197,0.595692171129354,5.917522717069336,1.456722598362269,2.9324667270351776,0.07023172129665688,3.0328055845261574,0.7537868981723812,3.2611138360596676,1.649487591183935,0.4085642111080788,5.364951213576506,2.190179503094243,4.689556706154625,5.350842001478775,2.301128873873374,2.2300326221592064,0.42508039375710266,0.6426948753204416,4.93653566518794,1.7532936612481795,6.092996360941171,0.37453384971959536,4.4076943336613335,5.944413779030919,-0.014074365400168225,0.20040562311135746,4.936194632659499,1.6360309458012479,2.919843473810069,3.876347488281644,4.1837181623512905,2.8765144660127833,0.1709755054969471,0.8993835839911007,3.287494891182151,0.4033915899833057,1.5069321355475866
46,178.17612767219543,-106.17930138223107,5.240898652387891,0.6729945600595197,0.08964227549957039,0.02460365436088415,3.3228058465073413,4.88423100015909,6.010630276380912,2.084672957138241,1.0206345637634742,4.326817226451637,4.344489337493649,2.6225820096608428,2.8179629779692292,4.774467503340342,1.526551718628076,3.0886413944474325,0.08492488140053274,3.184617259790771,0.07900348313127885,1.5782481894248868,1.2033685575220014,1.8241070239774109,5.601966461167767,4.586915686364621,0.24320836373518584,3.2846592594026105,3.413883897761414,5.175056659821424,1.3967965828677629,3.8003681436393464,4.341489837479093,2.6768432052992415,6.100911861872758,1.5424574129430153,2.2944480710085733,3.4260574171691496,2.98452838277844,0.6322906979118368,6.217683858702013,5.054921830904641,4.355829015356491,3.061321399102596,2.860494851187524,3.748214032212857,2.803347383256839,3.825679936375696,2.366974440146403,1.3541671410603613,2.856366808296143,4.170027544595351,5.896213604495533,3.444774776850299,1.5336906155936338,5.1326290128668015,2.927876090959739,2.0668763966597856,5.45616379123446,4.6401008691970675,5.240119810486696,4.920992656440055,4.2701239184233435,4.953251555621694,1.3154497494535846,3.6409366848968525,0.22068104188326673,1.8827258602144523,2.3164404669139493,4.506293578208878,1.6785880367357746,4.926023125038869,0.5331727210152251,3.452367242533299,1.710093458620256,3.846035488052516,0.7486733567769459,2.2553785294353865,0.6123168521579362,2.411776155681136,5.941063308356569,4.27212275669822,0.9692892529393069,5.633380226333732,3.564078908168751,4.687248034632778,5.299162034064786,6.050203351136739,5.1575628213434515,2.9078609556685406,3.2496528161263667,1.809984028886462,5.188137117661929,6.0583768588128875,6.27806872587355,5.814631659503152,4.061959121469617,1.874268505060446,2.1514873770651026,0.22253396880597198,5.168767745161631,5.769912590124702,5.494635349584455,1.1937952296017948,2.013122767366363,0.5907949392596304,2.1985422747519485,3.7180985411693923,1.6065078465132838,1.9514755708822835,4.216797476954012,3.598633450626634,1.8933784960876325,3.953156132335415,3.401782834021353,0.9560099453386219,3.753076344495509,5.455091354950161,2.342900131411387,4.882302232116738,5.32151844691807,4.9022399777780254,3.9844448016956706,1.8860629723964588,0.28706942152911924,2.92206767636639,5.84445381839848,1.4199868888163003,4.407840759540548,2.1135158628835846,0.30986975002736294,5.717963299214242,0.5646408821520573,4.185183992895437,3.662485718734505,3.122959223466431,1.0430237507428899,4.469970624939914,3.5368772933092796,4.759781134583512,4.379027610512045,5.544975992761473,3.1315582874259604,4.581980810130676,3.936871598970373,5.909581070046338,1.9921356310015927,3.33297496661366,3.8577411715845176,0.2785944785613937,2.546434815691738,1.2317156499677648,4.971072274933633,4.563478054464644,4.869557441059468,1.4067301835882557,1.163135621304115,0.28342790652137345,5.069149972977375,5.5790360343813905,1.407677326531707,3.7325972484701624,5.973997324148716,2.0824717284860954,3.962476390303018,5.340230667474239,1.5014030554992144,4.699001327175556,0.30218872411415976,4.16257201607732,4.7799617305883935,2.8010578557479273,1.0111580691477657,2.433985813397597,1.8893679729379254,3.965097633719822,4.226675228854915,0.6480208335529701,0.3549648630169812,2.803234775597294,5.0705775784004405,5.917895391020616,3.8400472031885924,1.9380921130144533,3.496527840472493,3.705994394007306,2.8425957695569557,5.652602838699472,2.450401882317465,4.2348900185401765,5.079630642538929,4.6687366154076395,3.8457263941503808,4.074368065173307,0.5566868894908628,4.776182753273643,5.279892627388287,0.740087819849254,6.209195507262837,2.163374776361658,0.5037649441962625,3.8630024972859034,4.048131454346392,6.0043945523524895,5.396981934531891,5.62777138148834,4.354935512058167,4.89249607266188,1.23209835842719,0.33120121722132845,4.144941755571384,1.8848907709222344,1.141883942108218,2.1614664179361163,0.804374281536495,4.960506286080532,3.1926919414365296,4.979991645869501,4.657158778746884,1.0051288618592096,4.454871720252821,0.4747377347174874,3.6591530013602007,3.706296470426136,5.457095164985148,2.8029268466104065,5.339652605548541
45,116.30957055091858,-117.06149571885285,3.2862935379284774,1.208704344105487,2.2007791269640364,1.5562460640795,2.0035022680041177,0.5551443663344746,0.22632073561017593,6.15592792577073,2.6814989873712323,2.040138494671285,2.170214247351191,4.379083913460517,3.8919764231122764,1.8438549261485777,3.679598693455571,2.470275149673829,2.6581935826345418,2.1213452275562594,5.214751882703785,4.467600989333483,3.174738874380119,5.820812756548172,0.09290692535024445,3.5023404500196933,6.021500016231455,5.768362807594258,3.936648174896299,1.5412300876439076,4.636036919073455,0.18904149779528884,-0.13948248811052988,0.5473109581532407,2.7430695712997957,4.777942442300005,3.324529509996455,4.0604146150651586,2.849602705040387,5.638877093455146,3.175499633715495,3.948423907310419,3.0290998385628787,2.1068470741298433,5.37061853223594,1.2080887925304626,0.3136556778748185,1.580702876643337,0.07091708048500556,5.807802743048901,2.329986149741852,4.545311043388228,4.470224576346808,5.090757222603768,0.30949833761034307,0.07314190566730351,-0.04669891391895906,3.072410638779131,1.6581649220150816,2.320598555785058,5.432476183016809,0.8607003061442967,3.309236671683206,5.7198111724186305,2.3405151029969153,3.571960733399064,0.49528026605646486,5.3420982595536435,4.588130917827701,2.649529382828685,0.25527191006348543,0.5012442560288527,2.733953009087283,6.122466584533273,2.7090973452054055,3.857172768134682,5.157298889532746,3.537236518163563,2.56492164286841,1.0955332232900163,0.07863043416186594,2.1781664981033613,2.089722827584118,5.820048954431186,4.981388711520008,2.254896714083483,4.1838150772010385,0.3290709745267566,0.6141200057575102,3.6407245483932322,5.9215957129891414,1.1821278077721444,2.7870633564410676,2.790632722398155,5.609113758621634,1.1003377102091605,5.411804446967503,3.197451788226423,3.3581014637479667,0.2700755291669813,1.2470620879708394,1.5343576332826299,0.6618228899821866,0.5912184784191451,1.750856297231331,4.775087127593833,3.203317614870615,1.8344601477137348,2.4143065561140027,2.9400407551495036,3.4667812643586378,2.659603653562062,1.4356126297425462,3.110661428448099,5.775725845485977,4.473238970817352,1.9454756091918648,3.0216966401898153,4.5037449225337225,4.45412069024307,2.950960721428978,3.363876164946304,1.0048661238573287,3.48995712012589,2.1745094344121196,1.7075834624281088,3.6277248700068667,1.788429490639708,4.067020540356508,2.40956899613268,6.069442170755769,4.739781358144133,5.882505577630812,4.356264007327741,5.93927130574018,4.09367860557919,5.373233753141707,5.000853359245894,5.287516068542263,6.030005322558217,0.02439641671517198,6.06317270115209,5.191098805680371,5.935678934855133,5.380769270329742,3.6517364581790734,4.062645910948417,4.663995825614856,4.293793969466567,5.8490315368072805,0.4459396264112186,5.845412971828854,4.953105714529075,6.0685948860997225,4.614386471724786,4.845237657366833,5.357557715357113,4.475138529911623,3.8911402490270413,2.1015434632216983,1.6063376322793377,2.9218058648388956,0.04793321200611414,3.132351310426673,5.771309907244859,2.1236576601394006,3.723226048230816,6.130147890742579,5.557832813693741,1.3103719426830887,5.969468365179667,1.2502295099410037,4.532759604059598,2.8728248362190345,6.157842207383052,3.0769515525712903,6.049843750823076,1.5568872888015604,4.168303844965951,4.393601021789322,2.4672998795447745,4.949300059434539,4.100145966966921,1.5933641000746477,5.074695373227294,5.609355164406312,3.449703461560751,3.192670337088635,0.9605553547115712,1.2644476320187574,2.3803291542115694,5.015819774269779,5.104586193589544,4.942234053369389,4.465318089701959,5.310208248609981,0.06255413935369712,2.1836783549854077,3.328948452478748,4.824518642194788,2.8588208928422585,0.08717770998306591,0.9465985598071738,2.9336619657411998,1.7756498236479035,5.736670704559903,4.831796800898979,4.682208587863673,3.0743494384172614,4.33148519335695,2.896446775467728,1.1547962453511835,5.5701075587287265,1.2930054334742889,3.607129197493641,1.0692499394793624,0.0622455067161135,0.2419224911721885,2.624286949310485,0.35262831986030735,3.9537038613217472,4.224671914543389,5.874141750476602,3.7402724363557414,1.4243303114464283,0.09132564050250097,2.5071529801868233
44,342.8344449996948,-110.82451539497598,5.412431277816681,2.2362272798829244,3.3303450506991106,5.166792098927464,2.579767334638001,4.424859381158952,3.267788317242607,3.1060135575976777,3.3527580316093726,0.5509947672564289,2.2267650843157365,5.65922395801597,5.348138759766089,4.412661864892234,5.694433706887409,4.679217743471946,4.3294424821878925,3.614994268271768,2.4237227185989982,4.549031233017295,3.1263434537168577,3.9052730801606126,2.4078476637476496,4.290429722260589,1.4942346470757615,0.8700301605514263,1.7507965366230505,2.037215569517051,1.4660319212622865,1.3582053134549792,3.4964441893176255,1.0013312014893114,2.759961503865739,2.035598464962948,6.137634813619777,0.1226057470037134,4.924463378579227,4.551906578578242,5.056284328523052,3.4473008980192157,5.7214031746373015,2.2704352034962065,0.6617374879819564,1.2155520870468493,2.9514172537868752,4.12138874784455,1.647439602873785,0.644179574963369,2.3274412089141325,0.5061866095269076,5.543659785138934,3.5108971318443167,4.6701201983139065,5.568454841568803,2.444428952167074,1.6378680329188688,4.965204509068923,4.570406416261023,3.5606536275416696,0.1462539163237894,5.819088465329313,1.169454072140212,3.3462379832369678,0.5243232296525252,4.736846578988607,5.4486060637849505,1.0188896341158988,6.0572632550572045,0.4693463143694951,1.8423394174672605,1.4268146029665705,2.107316264326769,1.3532990600168449,5.418005823017301,4.6948351898117675,3.4516015847717623,0.3089898125027659,3.38749733762307,2.6446531028501834,4.7648970687266425,4.89650105315477,4.331112245071693,1.9113563072576156,5.124985605826979,3.6847389147804988,6.08129259785664,5.76958185010088,2.572445781167765,1.0739965844970945,6.136689953285239,3.302948055117787,2.9598177012214486,1.3347383774996757,3.2827796528956594,4.981770464146755,1.614209102820675,5.19545938701913,3.7825083588511372,6.139010208022381,5.32564654563578,2.063749008263487,0.6798684010692566,3.518489874447271,5.836506502271612,5.58254057822786,0.27746882010282536,0.5551424986343665,0.6850848660721071,3.121759584771902,5.32121014805427,0.7218361339833336,2.916189436421664,1.2499210878857951,1.0400592252014955,1.9283908397939542,1.2246340883544828,5.498984220648281,2.2822810519218213,0.5321181914671943,6.025192303388734,4.164396670177288,3.2437394631277803,1.2805548610578132,3.5275912714944075,5.7351864464064235,2.9930220067472395,2.689992665096406,1.7881095882726203,4.516323949273893,5.986528250854242,2.9100986343205424,0.25282754421687936,5.61744469520812,1.4226041952913595,0.6632159788137152,5.700255622289659,4.308596213101047,6.224389470487532,5.983106412757258,4.318719827579955,2.200685283342756,2.3463022215055367,2.666936544560942,1.466670579948977,5.5321992238269635,3.723037993247981,2.8448085794409534,4.807149503932441,2.286214489300144,6.106631368951864,5.612173224254189,0.27176017837297645,3.0210593791007514,3.5592744001738574,1.279792785420995,3.945543184222117,2.7801291732628646,6.233364319486731,0.6028320577775353,2.3001499428389747,3.61805462978532,4.476381237532406,6.2365489765434425,1.9853374188226807,5.763801817888746,4.413116980971164,4.540911463365889,1.2777423362917426,5.41707059256563,2.844661615636918,0.40999504088728295,2.8253699929487213,3.524470700487584,0.2680031509674201,0.30678915510301197,4.98789039226024,1.3071562527501768,2.528380378488086,6.178513227805695,5.268166512982135,1.01524608035898,2.62138448212818,0.9644960131289897,4.010227063278856,5.013625633137639,4.061797529053752,5.947806070540793,2.8099667802546175,5.9039325590296725,2.52322904396374,0.4874616757529442,3.871070097464816,0.8254270035241545,0.8657536958174492,3.22996364161434,1.1159936279454294,0.6449359189407857,3.7617532398555316,0.3375803779599893,1.5627035884467164,1.5058675782035538,3.6616482563689954,0.5791287299495996,3.9859257830653605,2.650362176795961,0.12561192405733812,4.2684946987302235,2.900841542665218,1.1316827162934084,4.646705011991909,3.168086156069098,4.540122306150258,4.954667240345196,2.7470948263061805,4.557477179889264,3.7451984057894707,0.5580407973376088,3.073610374786136,3.7755649168217644,4.169930400572531,5.03646546486507,5.47011066222859,0.9239671760127399,0.2687619569191754,5.298004361790123
89,824.8294913768768,108.75162040467387,3.1764676476765246,5.7019453572844645,0.07501809851465571,5.025325824937333,5.643565139920742,5.714819493205785,3.2115860467252153,5.705445021290377,4.851554121609802,6.2200358701153675,5.117227622584578,4.131144690408806,0.875474344521076,4.818367363811771,3.406008573348585,1.5870624659304704,0.5382121650762466,5.095106556352413,5.722128897499942,3.6537083983131082,3.001960267293909,4.849975951920392,1.9258199976414452,0.1266646688993295,1.2230833262482221,0.9290796005443718,2.7485910534278646,5.314532344621137,0.43004113438767716,4.951321174844409,0.7598426095667603,0.13681753295233792,2.8171513942231083,1.0317900832741504,5.008243152716207,5.835619911564172,0.6569734779570838,4.124602598651186,6.119796245747978,3.8118048111986873,2.530538150750689,3.2865984695231742,6.268746100456978,1.7676041070821982,2.3649166378406874,1.8416503276207035,3.1085940324229386,0.4634456202022881,6.207920290415859,1.9406468373189387,2.9184608962675793,3.407612535569413,3.619660189213675,3.562833112420851,5.037438412159132,3.5881449920299415,0.5213733573405338,3.966181720391223,2.9648023610087453,4.709905594511715,4.917827885752931,3.3352685912238296,5.781920888884492,5.056083634240521,0.4447030108454493,1.8856970254903374,1.059548099607628,2.2634371206973696,2.3718049055269432,5.024967232054753,2.780516685358161,6.004448536126434,4.702621554981077,2.4130302677153406,5.7685401002363745,2.958751591074208,4.048309960816461,3.3958787486301865,5.783029607043797,3.9294774293251264,4.301588033809675,0.7322790033038581,6.136731662539146,0.6054556115351494,1.2316454492059972,2.6207843146556304,3.754660360683245,1.6381408932245765,1.5280166585919324,6.006571650144423,6.050677353543386,3.8083912013800343,2.2897696645557057,2.4457878381014595,4.947083590258607,5.618622765985611,6.023453014582823,0.7418992222410623,5.896839649902359,3.510723385012801,4.805690842247961,0.732002255610368,4.420950629480405,2.78229830407346,3.6647781462982496,3.3442529131344396,1.2361165114417947,0.48270457854303866,3.055205802954292,0.5188848837668637,3.0347460260151164,2.994800114897062,3.0009469899790266,1.310397806686157,4.15782529558644,3.0428950625468247,1.266253509157911,2.7491396516656113,1.1922438980551886,5.3354438083893045,1.1680245449392406,2.539353700134101,4.036113312287213,3.26011277106056,1.24622486560161,0.4245163480443129,0.8798340358521797,2.0145501522037397,2.240157443049064,2.874115714794018,4.1715112692456655,2.0217562664927944,0.953073030468017,2.7277710104480732,3.6595978600939434,3.714275928306046,2.0472396448962584,1.4606610821899442,0.9271717471693021,5.001799366480366,2.546627843589132,1.2755649158368394,5.0096794226368555,3.888071054835475,1.0831363065279456,3.4455892977539695,3.9370634773273436,2.7045730705078666,0.25055973854656965,3.5800918951867065,1.5092862598294525,6.268453840863753,3.141023095089168,6.14671624382015,4.365599570264223,6.102190947732428,1.564044111937665,3.398508632519791,0.38519786900614067,5.30253912454124,2.1639339129404296,5.047526275278444,3.239652157361023,1.6767387663174729,4.799559400342256,1.6749794178155326,3.597035664771798,3.2946996056553286,3.0464926971349633,6.030794581704877,3.948178428185005,5.497435551878364,1.6133483488163023,4.2709544048548755,4.637395954711403,0.22606092197897712,4.573536928256583,2.627364871416527,2.081409579431649,3.709493628533308,3.6293196351939563,4.5793476171688035,0.8827403855089462,3.268670923618392,2.141644470302783,5.620565880056845,0.67801827744752,5.145695957575877,3.414508787105603,5.909920725757523,5.343945141520549,2.6125841922744906,1.9834152388369375,4.084097717201567,6.110122037306412,0.6872398591244187,2.413867842649298,4.597112999764986,1.91893829367158,5.10541113136537,2.149933027434885,1.3855265831917738,0.4864525169798098,1.5575317670763436,1.1148824196272684,5.623747246734032,0.30854078256247075,4.8832513947681955,2.2802483538959133,2.847602405591058,1.0232264601798227,5.300893779003424,4.876945421201514,0.3648178515360306,0.09344922738858283,5.69811929768331,3.625930532554285,5.805430694195852,0.6159541690590967,5.470525377181384,5.181030023542616,4.475053988264498,4.349115553695014,1.9544657253961863,5.0475784039344
43,167.42620205879211,-116.98924233932973,1.4904193766723535,2.1482877455102316,2.4428739102111705,4.514710380490859,2.5461013269834725,5.527886031760611,5.44149522081826,1.192140186945347,2.4566233929608674,2.2095142939255785,5.634557587801901,0.6978944827765635,4.1663621611320645,4.787482278278468,4.854673819124749,3.233755686730671,0.5036057278646846,3.7405147455905934,0.8948357276973861,1.611280432299459,4.7945526777795004,5.184974193353625,1.9289563056539016,1.741714448055563,0.12348369153399288,5.033263783767284,4.594529431624392,0.8401285162024942,2.9323968646618592,3.6646108640607156,1.1370432343027992,0.2531657498187287,0.8411529758504936,0.18121266918428247,3.5153908896899893,1.3728094249616112,6.232224420334266,3.5525342054663542,4.351742898726595,4.36038557107457,3.0951727209463997,4.809741029282517,0.9759572972402334,0.787862489397068,2.0737603896406553,5.5874036962275095,2.572433855059166,0.14528509333060566,0.22037578771689056,0.939048648058372,4.6585345876987,2.696103391124262,5.952500298828124,5.296130463548978,2.1553700020262037,1.7285961617713947,3.24017618516916,4.605493731502098,0.5484333878634914,2.337104787763263,3.521751540581912,3.436430516679476,3.344979563499615,2.8924016134338295,4.041912293217822,3.121619019238598,3.7154007947678434,3.8169657258073957,1.4769474333372683,5.087728938029071,4.854695969097753,0.5439325434401499,1.940493442201055,2.6329103868319783,1.8472963965421034,2.6754206425077185,0.9212555686476543,4.489892967255206,5.676910448110191,4.659941010483099,3.3785001199713802,5.310799448987235,3.1193876256630118,4.644546067442246,3.6287445085578227,4.878147072651698,4.723970281159098,5.7800538090705125,3.3763856830741283,0.4690541827590334,4.92469506470265,5.955138355712801,5.020421056407562,0.8293427636942652,1.3542808549263774,4.355697654736066,3.5807228011534824,3.0117107745696736,2.557811671303485,4.277272097912643,6.249600745494358,5.391468791033467,5.772538654355786,2.840855097888091,2.2530264419671098,0.6937631137512691,0.8541446633422398,4.188001825085354,3.0831673344170425,4.437240140653516,4.103087597205546,2.3774548811152214,5.507760257469106,3.1786506004615926,2.0192709890630556,1.6531615469559815,0.08204972114401038,4.648310361706995,1.175972337076387,2.2925658080403233,4.60456198474148,3.739898784418973,1.9765392438708629,4.582208284297956,3.7633200494447805,0.6608040126796462,2.8021644952895937,3.64955094521417,3.202955307103251,4.145386534387929,6.04399725769706,4.324195663272782,2.8639285822676226,1.92799326834587,3.5926560036194153,3.118732317111653,0.2200096540678399,5.42626699098791,5.086586922131805,2.5227809430671364,0.8173315839051627,4.7022339460524405,4.850143828156944,3.9490765686976066,5.664925608503062,4.749370849700558,5.057119039714454,4.524847263474313,4.84426024993796,3.356253244451035,2.3745257838869467,2.5157011060940095,4.648509516712423,3.8524085829117225,5.127479201041183,1.7929134103467999,0.9274672779698699,2.1233795688948844,4.613507534934688,3.029006719927201,0.54077292793255,4.052934787277814,3.233747966911249,2.7323938752348265,1.1057927514395918,5.399991018755045,3.92382481022116,4.434904204724363,1.9273416514120365,3.8927676875166695,5.455781298437668,5.2406727353341065,0.35683868909744476,5.289870318078799,3.273560653350916,3.679307906544316,6.004650865962716,2.736540900480004,2.1863188670068583,1.6586966946683324,2.6520868559664943,1.9656244053634677,4.021421338320337,5.810053028999899,0.2850897372011244,0.8136176364143137,0.1669529114972216,5.987796359525215,1.2316477459583255,5.627099042683845,3.1294557509291896,4.7560655640758425,4.126201081306528,5.588793100561923,3.3046137823841617,3.681148574436825,0.550209577584591,0.06550501196690049,2.275432156718017,4.764833166648311,3.0886557331598614,4.626820188239372,3.401053650917231,4.484762632621941,0.25601427794104553,6.237461249508592,2.5082409769373983,4.713052096023715,1.8549111998493504,5.409155728690318,5.427644013326253,1.9598397074943896,0.7665724551519472,1.6203705204768202,0.8091764111425299,5.287601290070455,1.0639540929306384,2.4818257870407683,4.350024572671985,2.427854209044774,2.971731681036234,2.246154018814531,5.380968529840962,5.813583132901358,1.2940141557642983
42,109.41799736022949,-117.62086104549391,2.5375873877676467,4.975901287166791,5.837127710074362,2.9855076693560214,2.8332494093273013,6.076032706211946,5.680418298609468,3.6564872011959535,0.9497202713563626,3.965678179835648,5.167738102331233,5.738173895885095,0.4356863433077503,1.3380646862590828,6.215348300610836,4.640907447246527,2.2778027827154834,5.942347068200771,5.963820147629601,6.1360565051152705,4.270177591984519,4.801331395916238,3.363685531374137,4.1032421672708335,1.6623857735325303,1.9285428656598311,4.038940962366116,6.0098939086746705,0.1412716899086066,1.0943463890138219,5.504729592957948,3.379049400018227,2.261362500665572,0.32686533292684306,5.9479099424799955,3.938798644950175,5.803168880184344,3.477852591280559,5.8301761319570495,0.9729322947621706,2.2327788808379654,4.02922661777622,3.6980308736020744,2.068594884405481,0.07188637017122931,3.019706416596591,0.664004635639831,4.651579948120216,6.201985484584869,0.06995124212869892,5.166607745562064,2.9789055432886475,1.3815031846170984,5.65668572257074,4.400039722606323,1.7953108328921563,5.418595943111442,4.962085324922784,5.370576309289874,6.171603176971852,1.970741914531859,1.0855091780493464,0.5475431265788028,6.210982196211498,2.5540819291762094,2.48229422539611,3.962193438942799,0.009269496560931746,4.337054404703055,4.550749726041944,1.6373544490683398,2.5838593339649303,2.7876193652253303,5.420912350026154,0.1557212442242285,5.019404323085925,4.389964178031163,5.920708227453454,3.9956040480058013,5.990276985155324,1.8776122749253337,3.7527690786106995,4.73744447859468,1.472405868625603,3.7909182518208766,5.516259261771972,1.0193577417010644,1.8708888081319714,6.274055197564573,6.032118979890024,2.155467217383347,0.8342925719501908,6.134527426111579,2.4509655719149523,2.533962430099449,3.0089306246373266,1.814408452671395,2.942616291319168,4.608295245547945,2.162676759349236,4.526734393494156,3.1152884622208292,3.621461967336583,3.4576026668058004,0.05879045625322846,2.0951232832096305,0.9034734387496077,5.7878383214893185,2.2868302626656645,2.6453007695333564,0.2675349645744099,2.7473445919814825,0.8006484691132627,5.257856182264602,3.598441128408766,2.9401061898790073,5.292319008544733,4.826717442690555,1.809349026874232,0.8427416228633509,4.464587381282029,3.469577747335912,2.650008362749213,1.3793992156456913,2.973878030220138,4.716055350439236,4.743365674313595,6.039355423539741,0.47903204227245333,1.4713716425203638,1.9152109362197136,2.3666820143877865,1.226225317275256,0.16055371983910796,4.616069311336981,0.15940050275836817,2.4520534830299825,3.84968403092014,1.5648843982221283,1.7023859069706797,2.040274224611824,0.8486750112030891,2.1859858997923243,1.540090689433128,4.674451069923648,4.424766089224216,0.10298058717309747,4.731698956315765,5.351071691645216,3.157952672403721,5.8135084785664075,3.9649515125812416,0.23591342750893882,4.001923503251973,6.110070030996951,1.895991806408014,2.9400322289302077,1.55650148997056,2.3956158862551544,4.580386717988704,4.464981924515958,6.0560976107665425,5.1711177821105085,3.2239983975656363,2.5333535177678876,2.001218328623684,5.174620074342926,3.468620641255882,5.451172031129608,4.091376425290648,4.0648707628465806,2.0888975603362527,4.923531958701114,6.1137386849900714,2.7891261705567088,1.1528509940796805,4.552888516478235,1.3335107365332737,1.8704056472350965,4.550187142463189,0.3136847299404362,1.0099203620518102,1.9494656991299997,4.972119021329185,3.557858990457053,4.652437657603142,0.9759689703762299,4.7667232999705655,0.09499927833199193,3.783206707229055,5.118571801360666,1.7856258473733098,5.628037423049455,5.971956312099535,3.3815279181311637,2.161357013880945,4.950886190260752,4.487434323822084,5.60712445821736,2.866260895614295,2.332583792515716,3.0098295222433737,6.219736758677868,3.282557274371299,2.653155346660632,3.7522311515263302,4.874329628776091,3.4497449468670607,3.975157924768175,4.045284047825296,2.4887174796952363,1.7814290748301136,1.6864493925623552,3.0110580856942564,3.7599426261874784,0.3646947441059175,5.244803097199944,0.8996614618125823,2.010762582128593,0.5001263053681754,5.8238453878672285,5.319624419318587,4.194892074928552,5.361555023474489,2.2090269432376552
41,159.61165142059326,-115.34528818053221,4.943271740397866,2.802514576351618,0.21048424270021301,4.446141629506741,5.313583867898262,4.614771395972178,1.3884941914756972,3.433075687784121,3.9458240410962464,5.118982884356849,5.9690351342142245,1.9410171538340417,0.6372152319185361,5.55547666285609,3.733951120274603,0.5631132478953654,1.1262244672991162,5.008448088719197,1.1201422110470556,6.047853310562425,3.3464302980718923,4.741353850111814,2.4988147613893172,0.4149383930991658,2.2806578411447482,6.066629777693512,5.647230170097564,5.364995793278096,0.2239044188159557,2.458975102636238,0.6646804486996749,0.055335177147595525,3.1766030946074224,5.1641266428727475,0.859016002045711,3.684750879862616,2.6381344851244104,1.6746079013641597,4.46944436070888,1.7080035764070365,1.5455309655122718,5.234264494301607,5.047951095197354,2.0280695290915975,0.6090425071594953,4.317126214261648,0.25350010352641816,2.910713807739491,0.2424326495139062,0.8519143443382193,5.1581313639133475,1.127008103464068,2.0068353145646194,1.3975928094997188,2.188022043614376,5.235027674291089,2.376418583057751,2.9979257691758545,3.968255083472478,4.693791885323326,0.6170810969154052,2.610553465492454,4.077816311141952,3.8220797438340144,4.407322134558496,1.600070117418816,5.506755112404431,1.3142455312949683,0.16734884275500062,3.2504233905652753,5.367646087567426,0.8300114043394055,3.1410695814097456,5.917071532124477,0.4545123948266168,2.2843117877076433,5.688887664477473,2.3771180411810406,4.552105489430756,1.0507080163674951,3.163109802671991,6.153175213504852,2.340233913216643,2.7222019534054334,5.191961778366034,2.1090072505951776,1.3605153617173278,1.2027859604055542,3.758122737841977,5.433662387030029,6.121397036284333,0.32131918462076053,1.952473698712214,1.2394440519098817,5.805327320222753,0.008208534324824508,0.4583794390115875,1.7820959493864297,3.7646698623468184,5.486070670071647,5.800191649412788,4.867884292901913,0.9093457560669262,2.455732638714806,1.2387458978223609,4.911692196821629,0.8868057655543428,3.8395025854556177,6.01673657358495,4.046652440756632,2.306615026967923,3.754463733482318,4.020032969639942,4.817124073740934,1.6421331429779926,6.012532012182309,6.2169243344325675,2.4684531248667647,6.126514084300602,2.327248849001168,1.3706899084506532,0.7202240960023192,6.0429906128679045,2.2059784249973493,1.7571216919543136,5.11692929935959,0.5670846518504372,2.8111645604637734,3.7466548131908772,2.425675930977019,2.4647235060408237,3.645594326208528,1.0261753391065456,5.038930331295393,3.611833599219513,2.3852125596404763,4.498804519222643,1.3790662784293797,4.874183313696788,1.781171916970349,1.3423362678333433,3.566349916740569,2.8502318300194447,3.602883914245961,0.4150672730546747,5.599766233813578,1.4281950603984754,3.4212843318022266,5.047892679005499,5.044178103909099,6.083401268146666,1.895212823161579,2.3283301784831076,5.6451434357785315,6.093307197452404,0.8379557653148347,5.269941859243022,3.7548767494512365,4.133595856026657,2.7219070376844567,3.9864604117114935,3.7944166727245183,0.6770138724640659,0.11734255490124353,1.8743589076369271,1.0636628877682752,2.8187418018967363,5.715136769530988,4.715615693096349,0.22877344190814683,3.07772842781149,5.058100661297632,3.761756905633587,0.30151609372587407,1.2376208326939528,2.434520061143647,3.784328545322284,5.143149229634732,3.0812291698350065,3.162821348726983,3.046066949106882,0.282133531585111,2.22364800741468,0.8313532453748778,1.6026686987440921,4.007992145447906,5.511307997599258,6.062801131247031,1.1478177244326422,3.7264509049332357,3.626746752086245,4.453666213133911,0.7201807948137681,4.59093425096364,6.194157095385276,1.752661888267892,1.6661290092887244,6.0838462884314595,2.1064751413221217,5.564825472877433,0.47406634595773345,2.294743982366125,1.315013330250005,0.5153930454576887,5.6106286561512,4.329674370231466,3.309395063204519,5.161804106688939,0.46897597087637727,3.0226039423953766,3.112570586543635,2.4251555661422075,5.780592111112651,1.2870815719440192,0.5765300815618517,1.628497562764592,4.985673009824005,5.727462886017853,5.4965080694888835,0.7979960614396447,4.249189595391817,5.495179778106207,0.879967857270343,4.742839789598513,1.963930483378466
40,155.8092770576477,-115.49642105255344,2.0209695444563045,4.862375885861944,2.594339848151589,4.285486922715932,5.953487956447273,1.175225269184857,1.497453492243329,1.3625835539496869,5.332888007875348,3.99285240615971,2.4429776399482463,0.5505908106849109,0.27344838904188495,3.612688143542875,4.906008635660151,0.6441248564717099,5.299993241447596,2.7423827719756644,2.235160799774069,0.015026291016800506,2.157883823464559,3.6757977487895546,4.66312397290243,1.1212448866436806,0.8905861054868774,4.953397673775909,3.2313021758433784,3.977288716176106,4.602629024184077,1.4898257858192872,6.222508669053397,0.26883519831904285,3.339783029239303,2.487412254651779,4.477597204103924,0.23314538732727932,0.20808182167217898,3.617433348972788,3.697975830386074,2.307369317058182,1.716188951477591,3.824641845914306,3.1820027584884625,0.12698119425828758,1.8105626872006768,0.8957734944082589,5.290182093924112,0.6394318729621422,0.8667571086709353,5.494124298960198,3.0488152066592438,2.1324534917954794,6.1740696229811345,6.213348035264246,4.424223884823817,2.5129093141791343,1.938654867512612,1.040810343022884,5.96518652561169,3.611421588402594,6.015236577138949,4.50016334838123,4.040902587379487,5.742183086910108,3.7203741574185445,4.158847593512463,5.250098685653719,3.0709143842284656,4.730991175535354,0.6896720460591071,0.14142442164311186,2.8772110452524813,1.114945936294763,1.9134004209653768,4.016103483118187,6.12608152828694,2.7256516052333577,3.6923173100990256,6.26374025836944,0.2654709378001431,2.361525441849784,2.26348498757719,1.8738486408085733,2.778843997366006,1.0128134676322154,0.2432093424047411,2.9778340159758163,4.208754451489134,5.792934790717664,1.2588098411555935,5.0103351752574365,4.946129137882936,4.465775898232677,2.1830506354872075,5.197063399922405,1.4302972750077332,5.792235733680202,0.6845754074228623,5.06960294939377,3.435033268434665,5.956207994238249,1.4725607028117584,3.7211762198918614,5.602043867377144,1.3610955262720432,0.441785629790407,3.906431624852245,1.6248869789781184,3.8041974030125676,3.1479788730234195,5.296108257232627,2.014616001270277,4.893811452705141,5.348096075155678,1.6278318029862804,4.982053130195255,3.3265250965130626,0.9392241542602093,2.4399342241844355,2.5874224457523747,2.4784838288794564,4.853259431704324,3.751543799656084,4.965183964598684,4.553122284377877,1.3075885647380265,3.7624045466503833,1.9273061312082844,3.4247953599885688,1.9099012600353908,5.426848528451447,0.8598337745153852,5.1215545907956574,3.4238619654211297,5.117251146563135,1.8916106051346766,3.6775322557990444,0.37583649170831795,1.6546867870466557,5.7128140905731,0.5073529767330972,6.026371656967672,0.6501387083280041,4.08529048045138,1.772429160365041,3.881387962308849,4.200870046330571,1.5032706455902642,5.964583188879768,1.0777046815616604,6.2088796061394245,3.198776943548753,2.7775614453217736,4.766128744209306,0.5376368663753484,0.730539871232556,1.9537308708658228,1.6959666963208446,3.988977999528334,1.2941639112283432,5.7312387990991915,6.2161995762292825,1.7930325991913283,4.241156632991218,1.8016526744685126,5.727860563044053,5.749653135852645,2.495931143118318,3.5270573353823917,4.123066325308478,1.8283081159517542,4.143037792997659,3.583257862054476,2.434598337976383,0.6743380058069709,1.6152852563482567,1.8403682086660804,3.4496851032857876,5.561237172681098,4.82131098005908,1.4808093983047197,1.9661699108234654,3.3473803750496205,0.815615005137439,5.135243714045632,0.444098842471908,3.5366180076076494,4.2232192575492835,3.2451655342942183,0.3198041799265022,3.277107002512025,5.459361217498555,6.0794658895161025,3.6470731828613228,5.712171681128176,5.370645606157443,1.5714305764762064,5.868660271839166,4.133761763388517,4.523856912752306,3.3678946939821324,1.7592840860778656,2.111995513408477,1.9819824796255225,5.771306716868534,4.139190947440261,0.8120194961682964,3.4466849540392612,2.7449053646408736,2.126866617221686,1.5403823829995602,3.1162291103863833,2.243648777142053,1.7041582084739642,0.4971392082941015,2.3764732181143384,1.1759905859994513,4.6844174556905145,5.257513933949368,5.312491094281744,5.809483104564805,2.405686063437076,5.617756949855952,1.1980165123320095,6.248395423397805
39,126.32314467430115,-117.01947534072812,5.668119061203811,1.0491881490298414,4.848617778029795,5.924955373786892,0.24966792068697427,2.6083010321324633,1.6937101549924127,6.2344817830492945,3.8917941845103368,2.8491930803431393,6.2687473750362654,0.8610045345801883,0.13320812416120356,2.5732807618335194,1.2822685916086753,4.841058046755678,0.7201348039637461,2.624801969968416,3.2134037276831657,3.699313163446896,1.7170174547132877,2.6422490849886064,1.7152088310170415,5.124949880592927,3.70304674685567,5.5674672105843,4.405780384629027,0.9078783773050659,4.909899577829109,6.074937238907909,3.141864162308037,2.085658226070796,3.2193796722862436,3.959871432352156,-0.0993602808316486,3.830583698261591,5.781340910262711,1.774371253725374,-0.01769182330667405,1.6386089688644916,0.9187512246515247,0.4822755769752757,2.533880356078648,6.0565179580289845,0.5755442226394004,4.496397908248801,0.3648153457856425,1.773005879350572,4.78399090823196,6.143355918056223,4.865470568482725,3.6103590338557288,3.516903196025041,2.9785253316999394,5.249846772470503,0.7672304575655544,0.14734228390604917,5.664923916535716,4.452024279791634,5.871727891092769,2.0558387316688327,4.100735967435836,1.140134962630678,4.716704980633956,3.516877169720893,1.1656329878725853,4.091238963073197,4.730973578313481,5.841141909599738,2.4792591830702104,0.5529753137909003,3.062994930496451,5.645943793765832,1.3895106071577206,5.684831934461854,0.4249795067866167,1.1364748239416727,2.8288879147851467,0.3407842084558784,4.6221211548723335,5.788019176057902,3.8988750653237947,5.85846027713129,4.9913760042934845,6.102030157869648,3.1816840177667345,0.050362511679232426,2.7563929860649017,0.5327890779213376,5.378404089692537,4.456910325589702,1.2934019027108385,2.1835559264887126,1.861764938709146,4.832261293961773,4.148842975027855,1.4391694774750194,4.52036441688003,-0.13154037803873558,3.626463040429264,3.9513247382349657,5.919316334295146,3.580956216761513,5.370766823869615,4.854882272579951,1.7108957966818326,1.8620128687820885,0.249749672211389,3.3565017021320784,6.011095730209988,6.086409789518199,5.6410273806250055,2.4478499663560584,3.8475766999757193,0.5145203948959547,4.631855268052074,6.2184827492335355,3.0722213278047588,6.063841794562349,3.432352504928802,0.6748756298086113,0.43176671136925987,1.0664100106889862,4.452555582158382,-0.03631504543322504,1.0747675544595814,1.1956354115502377,0.49563121756005596,5.700017161748482,5.865175313320653,4.5269498303542255,4.100225869968659,1.786335848427885,2.9189967055728387,1.5219011182801458,5.750184735247645,4.012180689758106,3.2443456720481105,2.828178846165964,3.112220773107831,1.964889377627187,0.3872049762629186,5.898755798398167,0.6230202909106128,4.108810017692416,1.742430709627715,4.471969876049618,4.646058743327189,1.469772122864683,2.536754917591317,1.8972655111348613,1.776239194337686,4.81097546264683,4.354875210712954,4.629432021586057,3.796708084709639,3.2359504387381737,0.36889039363539017,3.6926101688434367,2.603695898995649,0.7067703918290293,4.689020119858344,1.1260451977051453,3.9044645690177973,0.5874562601648355,5.707228401947668,1.231568301145071,0.1408173215609866,3.166497523628604,5.60113519923218,0.42984988291429055,4.810374635388315,2.9087721412225442,4.724265504231038,0.5790528770226945,6.076394498658781,5.994056610052628,2.2734840808626124,5.631653454127183,3.087183193636475,2.515632952123332,4.532470978448102,2.19481432969991,1.6486231009437176,5.612340636201418,5.993643843259025,2.7336168126523206,5.76411917861646,3.6536874573679072,4.030577914312937,1.5291084907733978,2.3695753024435215,4.620314056369428,0.5747916243843104,3.2476177038671947,3.3630836217062248,4.516205017001938,3.6185790925282078,1.1557440711528326,5.983823374264695,0.7184634787849187,4.134777502847794,2.230958464079331,3.496653650272533,6.038615997762236,3.976692106046357,4.25901963216327,1.8549510693397482,2.8749562115712357,5.005456345259307,5.968213439606779,1.2765694695116534,2.9901791914403417,5.656396101174619,5.668317888132999,5.650808512828333,4.516802106976066,2.817897009902506,1.108644448907787,3.1646439298584115,3.9876768100834226,0.4497952971687871,1.7512970459385393,2.5933020686084447,4.754290238558298
88,756.0465445518494,171.19692254429333,4.820622554068838,1.5050423555319088,3.107401546366869,1.2949889798369294,3.707992982424225,2.6393049754273665,5.078599061214994,5.596862493377586,-0.046057293752294934,1.985781206313253,5.781077873991351,1.4805278367377928,0.18373717906933887,5.693796803426813,2.5301259528083913,0.6436723261747019,2.8750386915766275,3.7039686820559967,1.453033793968592,0.01290099022670154,4.372670777255551,2.268196831531759,1.0371270370044727,0.7865159042824547,4.882179218536056,4.6893907101039805,5.250731010312013,1.569388572793713,0.7899336711254514,6.264734621650902,3.687166628421044,0.34316648967070107,0.9569315821501805,5.293459414510538,3.2176441703840237,3.9290922911284563,2.1443180804656765,3.3337301806880504,4.396591362356015,2.557497071506454,2.098236144345792,4.601242436121066,3.7614796220695705,0.024527303865694863,0.7440947553064754,3.514668149444503,5.442417226398584,1.912872923183876,3.808820640546685,3.3658794610350236,2.8280290028834223,0.7971916898159465,2.4507949198191232,4.637492535089434,5.5608088986805395,1.8874493885593122,1.108683666855719,5.866533092805953,0.7466139338646157,4.5676912907066605,5.6406282356680535,1.0544982739612234,1.8756263706945009,2.4404479651094126,4.651727555359363,3.3795921343425426,5.880908338244038,3.6624900445024062,5.955525369434373,4.876787859881417,5.227521595052739,2.6836417341332597,3.7514586795529143,2.888553045101879,1.9816492863125228,2.1688432455502284,3.974354195897929,3.596384033325508,5.750337363081529,3.081640859668301,4.2626125441713905,1.1637952176581765,5.666578266031899,3.6408377316935514,4.113381475371969,3.7807632558999846,0.4224117729058989,4.116405532342233,4.630384791239813,1.0422914646558559,3.924247290097015,3.4442932219541182,3.427412844103263,5.224137001258498,2.7344436958073515,1.1971464580717825,3.7015537961856686,0.39134621495742783,0.6026139665663698,2.9422649986363236,1.9347136648408154,4.558152952604614,6.027825691122687,3.2898953801968767,4.671165954004966,5.535170637007497,4.888366740292077,4.965275380465146,0.8971809789645806,4.016906602296819,4.66831501716383,2.447392316463732,3.971373816541217,0.5635658566483199,2.1126032041647775,4.941701634317841,2.522897901368573,4.797879704246291,2.5371113127418936,1.8242026458383336,2.4819748204142744,2.4119693893908547,0.09691738595206473,5.418739278248239,5.861724374272354,5.636262120597162,4.961316167568334,1.190108687091386,4.389291908635898,0.5462864574161589,3.1381694870538466,5.6282320640419625,5.641469170576325,4.3585238448034325,1.1480061925743965,3.193301577637555,3.788513103404858,5.690117070587705,5.758002685623586,5.658245043887105,5.963228685371397,5.900749767701214,2.240551453911391,3.464284578694497,1.1578934519496853,1.789955967021916,4.813151222348879,2.5228222984411,3.5575774142182706,2.1236036348669667,0.6998848771905677,5.325541989877385,4.083091534944551,1.2477540833983005,0.8518627193758318,4.317672952204547,1.1121641038365913,5.2348046114337325,4.774077037769817,0.5758207008047292,2.833014618368555,5.668933450223833,3.1669285532346136,3.1075586495816534,6.031944561027305,4.379254902102952,4.049735676802172,4.502508987813226,2.7321117903849257,0.3080801345648454,0.3365050882029802,0.8607352508280632,4.201976400712184,3.1832813674751455,1.082624166301044,1.7374012688790252,1.1801592072798663,3.960721808696209,3.790402094133002,5.876829188677907,4.579009480151159,2.017994965157681,1.8151695810986466,3.2353019033277493,3.6544470722531637,3.101552694432166,3.6793872314412543,5.758037781045918,4.062325914819225,3.308932373188561,3.1146746046533433,1.575513098397093,4.50666339102288,0.19801357063103253,3.1570878886403815,2.5315957781281573,0.7373824470889812,3.877490605543393,5.037285351438836,4.619282999519597,3.5945461391449993,0.030036316963505366,3.562122160705038,3.4789907830339186,4.959347783476262,0.49198958639000157,4.816717270286568,3.7421348693326806,0.3321415884369164,4.784116112380787,4.267069754720762,0.11839000341782352,0.11858593928888449,0.4092413692704723,4.153600109884538,2.570974374423178,0.056005514839623974,0.335322560879354,4.371356862429333,5.463227364846881,0.9886639593986432,6.259167040086753,4.058691678786697,1.2959449187193186,3.7864547508975472
